wavelength (nm),air,water,glycerol,rhodaine-2pc
339.53,127.2,133.7,126.2,126.8
339.91,127.9,135.1,127.5,128.3
340.28,128.3,134.4,126.6,129
340.66,128.2,136.2,128.6,130.4
341.03,130.7,136.6,130,131.4
341.41,131.1,138.4,130.2,130.2
341.78,132.1,138,130.3,131.9
342.16,133,137.9,130.8,131.8
342.54,132.7,139.1,133.2,132.1
342.91,132.9,141.5,132.6,133.8
343.29,133.9,140.3,132.6,133.8
343.66,133.6,139.2,133.2,134.9
344.04,132.3,141.1,134.4,133.4
344.41,133.4,141.8,132.8,134.7
344.79,133.7,140.4,133.4,133.4
345.16,134.9,140.6,132.9,134.1
345.54,134.3,141.1,133.8,134.1
345.91,134.2,140.9,133.3,133.6
346.29,134,139.9,132,132.6
346.66,133.9,140.6,133.6,132.1
347.04,133.3,138.7,132.3,133.2
347.41,134.1,140.1,132,132.5
347.79,133.6,139.9,132.9,133.2
348.16,134.4,141.1,133.3,134.1
348.54,138.8,144.5,135.8,133.5
348.91,137.9,144.1,137.8,133.4
349.29,138.5,144,136.2,133.5
349.66,137.8,143.4,136.7,133.8
350.04,138.8,144.2,136.8,134.1
350.41,138.4,143.7,136,133.8
350.79,138.1,145.1,137.5,134
351.16,138.9,145.9,138,133.5
351.54,138.6,144.3,137.8,133.9
351.91,138.9,143.9,139,133.8
352.29,139,144.7,138.5,133.9
352.66,140.4,145.4,136.5,133.1
353.04,139.4,145.9,137.6,133.7
353.41,139.8,145.6,139,134
353.78,138.8,146.9,138.2,134.9
354.16,141.3,145.4,140.3,135.1
354.53,141.3,146.1,139.3,133
354.91,140.9,146.2,139.5,132.8
355.28,141.7,146.8,141.8,134.1
355.66,141.4,145.8,140.8,134.1
356.03,140.3,146.5,138.7,134.2
356.4,141.7,147.8,139.8,133.6
356.78,141.8,147,140.9,134.7
357.15,140.1,148.2,139.6,134.2
357.53,142,147,140.3,133.7
357.9,142.3,147.9,140.8,134.5
358.28,143.7,146.5,141.6,135.2
358.65,142.4,149.3,141.5,135.4
359.02,142.6,148.3,142,133.6
359.4,142.4,149.6,140.9,134.1
359.77,143.7,148.7,143.3,133.5
360.15,142.3,147.5,143.3,134.9
360.52,142.8,149.8,143.3,134.6
360.89,143.9,150.4,144.4,136.1
361.27,143.9,148.8,144.3,135.4
361.64,143.8,149.1,142.6,133.8
362.01,144.2,150.4,143.4,134.5
362.39,145.1,149.8,143.3,134.9
362.76,144.2,150.6,144.4,136.3
363.14,145.3,151.6,144.1,134.7
363.51,144.7,151.1,145.7,134.3
363.88,146.1,151.6,145.3,136.3
364.26,146.6,151.4,147.5,135.2
364.63,145.9,152.7,146.4,135
365,146.5,152,146.3,135.3
365.38,147.3,152.5,146.8,135.5
365.75,148.2,152.1,147.6,135.1
366.12,147,152.7,146.6,134.1
366.5,148,153.9,147.6,134.6
366.87,148.8,153,149.1,133.6
367.24,148.5,154.9,149.7,133.9
367.62,149.1,154.2,151.5,135.1
367.99,150.6,155,149.9,134.9
368.36,150.5,153.5,151.1,135.6
368.74,149.1,155.9,151.5,134.6
369.11,151.6,155.5,150.8,135.9
369.48,151.4,156.8,150.8,135.6
369.86,152.6,157.4,152.6,135
370.23,152.5,156.2,153.6,135.6
370.6,151.9,156.6,155.4,134.5
370.97,152.8,157.6,154,136.5
371.35,152.6,159.1,153.9,136.3
371.72,153.6,158.1,155.1,136.5
372.09,154.9,159.5,155.1,135.3
372.47,155.2,159.5,157.6,135.5
372.84,154.6,159.2,158.1,135
373.21,154.4,161.1,159.3,135.5
373.58,156.3,159.5,158.4,136.2
373.96,155.7,160,157.5,135.4
374.33,156.5,161,159.8,136.3
374.7,156.3,157.8,160.9,135
375.07,155.3,156.9,158.7,136
375.45,155.1,161.2,160.1,136.9
375.82,157.3,160.9,159.1,135.3
376.19,160.9,165.3,161.2,135.5
376.56,159.7,163.7,163.2,135.4
376.94,161.3,163.1,166.1,134.9
377.31,161.2,163,165.7,136.2
377.68,160.9,166.3,167.3,137.8
378.05,161.4,165.6,168.6,137.2
378.43,162.2,163.9,166,136
378.8,162.5,165.2,164.3,136
379.17,162.7,165.7,168.6,135.7
379.54,165,164.8,169.4,135.4
379.92,165.4,167.1,170.4,135.1
380.29,164.4,168.6,170.6,134.9
380.66,166,168.4,173.3,135.7
381.03,167.9,169.8,173.9,134.7
381.4,168,170.4,174.8,136.1
381.78,170.5,170.7,176.3,135.9
382.15,170.6,171.5,177.4,135.3
382.52,171.8,171.5,176.4,137.3
382.89,172.3,172.3,179.6,137
383.26,173.8,174.2,180.5,135.7
383.63,172.9,176,179.8,135.8
384.01,174.2,176.8,183.6,136.9
384.38,175.7,176.6,183.8,136.8
384.75,176.6,176.7,186.9,135.8
385.12,177.3,178.3,188.5,136.2
385.49,179.8,179.6,189.1,135.6
385.86,180.7,180,190.9,135.2
386.24,181.4,182.3,192.7,135
386.61,184,181.7,193.5,135.8
386.98,183,183.7,195.6,137.6
387.35,185.5,182.7,196.8,136.6
387.72,185.3,183.9,197.6,137.7
388.09,187,185.6,200.1,136.5
388.46,189.7,186.9,200.7,135.1
388.84,189,187.7,202.4,136.3
389.21,190.8,189.6,204.8,137.5
389.58,190.8,190.5,204,136.1
389.95,192.5,190,207.6,136.6
390.32,195,191.3,212,137.2
390.69,195.5,194,212.8,136.6
391.06,196.2,194.6,211.4,136.2
391.43,197.7,195.6,214.5,136.1
391.81,201.8,195.6,216.7,136.2
392.18,200.5,198.5,218.5,136.1
392.55,200,198.1,221.1,136.8
392.92,203.4,197.9,220,136.4
393.29,207.6,201.2,225.3,135.9
393.66,207.5,202.5,225.7,137.6
394.03,206.6,201.3,225.9,136.2
394.4,209.2,201,227.5,137
394.77,208.8,203.4,229.3,137.5
395.14,208.6,206.9,231.1,137
395.51,211.8,208.1,234.5,136.6
395.88,215.6,211,236.8,136.2
396.25,213.8,208.1,238.7,138
396.63,216,209.8,240.4,137.4
397,219.6,212.7,242.4,138.3
397.37,219.5,213.9,245.5,136.8
397.74,223.4,215.6,251.2,135.8
398.11,222.1,215,248.6,136.8
398.48,225.6,218.8,252.2,137.5
398.85,227.7,219.1,256.1,137.3
399.22,225.8,219.8,257.2,137.3
399.59,229.4,220.2,257.6,137
399.96,232.1,223.8,264.5,135.7
400.33,232.1,226,266.3,136.3
400.7,234.4,226.8,267.5,137.6
401.07,238.1,227.7,269.3,137.3
401.44,237.6,233.4,273.6,136.2
401.81,243.3,233.9,277.1,137.4
402.18,244.9,233.5,278.8,137.7
402.55,243.2,234.4,276.6,138.3
402.92,246.4,234.6,282.5,136.3
403.29,252.3,238.9,287.2,136.6
403.66,249.3,240.2,286.7,137.1
404.03,252.3,243.4,291.2,136.9
404.4,256,244.2,294.1,138.5
404.77,255.8,245.9,297.1,135.7
405.14,262.5,249.1,304.3,136.9
405.51,262.1,247.6,304.6,136.6
405.88,263,248.8,305.3,137.3
406.25,266.4,255.6,310.9,137.5
406.62,267.5,257.5,315.9,135.7
406.99,269.3,257.1,316.1,137.4
407.36,277.4,263.7,323.9,137.2
407.73,275.6,261.8,319.5,137
408.1,279.6,263,323.7,137.9
408.47,280.8,266.6,329.2,137.1
408.84,279.5,267.1,330.7,136.1
409.2,285,269.7,335.9,135.8
409.57,286.7,269.6,336.7,136.8
409.94,292.3,276.1,344.4,136.9
410.31,289.1,274.7,341,137
410.68,288.5,273.3,347,136.9
411.05,292.6,275.3,346.5,137.4
411.42,298.6,282,355,136.2
411.79,300.5,288.5,358.6,137.8
412.16,301.9,284.6,361.3,137.8
412.53,305.7,292.9,365.8,137.2
412.9,309.5,290.9,368.3,137.9
413.27,303.5,288.6,361.6,137.2
413.63,316.1,296.8,378.4,136.8
414,317.1,297.9,377.3,137.1
414.37,320.4,299.9,381.2,137.5
414.74,316.1,298.9,378.6,138.1
415.11,322.4,308,388.2,137
415.48,321.6,302.1,385.7,136.6
415.85,327.8,310.5,393.8,137.9
416.22,327.6,309.8,394.2,136.7
416.59,329.9,311.2,397.7,137.4
416.95,328.9,311.2,395.9,137.3
417.32,336.6,315.6,407.4,137.2
417.69,338.5,319.2,404.3,137.3
418.06,343.8,323.7,414.1,136.4
418.43,345.1,326.9,416.1,137.3
418.8,340.5,321.5,409.5,136.9
419.17,353,333.3,427.1,137.1
419.53,337.9,324.5,413.4,137.7
419.9,351.7,329.9,425.2,136.6
420.27,358.2,341.1,436.6,137.6
420.64,357.1,334.8,430.8,136.9
421.01,362.6,342.8,437.7,136.7
421.38,360,336.3,433.8,137.5
421.74,361.6,342.9,439.9,138.2
422.11,368.8,348.6,448.4,138.3
422.48,379.4,355.2,463.8,137.5
422.85,372.8,350.7,454.7,137.8
423.22,372,353.6,449,137.4
423.58,386.1,364.6,472.1,136.9
423.95,374.4,356.3,459.4,137.4
424.32,387.2,366.8,474.3,137.6
424.69,393,372.1,479.5,138
425.06,390.1,365.9,475.3,138.2
425.42,397.1,373.9,484,136.5
425.79,398.4,377.5,491,137.9
426.16,405.6,382.3,498.8,137.5
426.53,407.2,389.5,503,136.8
426.89,402.9,385.4,491.6,137
427.26,418.5,395.3,508.2,137.4
427.63,411.2,388.8,505.3,138
428,416.3,395.4,509.5,136.6
428.36,423.4,400.7,515.8,138.1
428.73,424.2,400.2,514.2,136.9
429.1,437.2,408.6,533.1,137.4
429.47,437,413,541,137.4
429.83,442.7,421.2,545.2,137.2
430.2,441.1,418.3,542.5,137
430.57,454.8,425.6,553.8,137.5
430.94,448.9,426.2,553.9,138.6
431.3,454.5,431.7,557.9,137.8
431.67,468,444.6,579.3,136.6
432.04,457.8,432.7,558.7,136.6
432.41,471.5,445.4,571.4,137.9
432.77,465.4,442.1,568.5,136.6
433.14,480.6,449.5,584,137
433.51,489.8,459.1,595.3,137.3
433.87,479.4,449.3,582.2,137.2
434.24,483.5,456,590.1,138.7
434.61,487.6,461.7,591,136.9
434.97,488.8,463.7,598,136.9
435.34,504.5,475.1,610,137.4
435.71,511.5,480,618.3,137.6
436.08,515.3,486.4,618.2,137.1
436.44,515.4,490.6,624.1,137
436.81,525.9,496.4,629.3,137.5
437.18,521.1,493.8,632,137.7
437.54,528.1,499.7,634.6,137.1
437.91,529.6,504,638.2,137.6
438.28,532.4,507.4,636.3,138.1
438.64,542.5,514,647.5,137
439.01,557,523.1,662,137.7
439.38,554,524.3,664.8,138.1
439.74,559.5,528.7,662.9,138.3
440.11,549,522.1,652.9,137.3
440.47,568,541,675.9,137.5
440.84,576,539.6,676.6,137.1
441.21,573.8,543.4,675.8,138.1
441.57,580.1,548.3,689.4,137
441.94,582.2,549.4,688.3,137.7
442.31,578.3,543.9,679.5,137.6
442.67,583.4,551.6,682.2,137.7
443.04,604.2,567,704.9,136.5
443.4,593.7,568.7,700.4,136.2
443.77,592.1,559.7,688.8,137.8
444.14,598.5,568,691.5,137
444.5,618.2,584.2,720.7,138
444.87,615.1,581,712.4,137
445.23,615.4,579.3,708.3,136.9
445.6,626.6,590.2,719.6,136.9
445.97,623.3,587.9,716.2,138.1
446.33,631.4,600.5,723.4,137.5
446.7,638.8,600.7,732.8,137.7
447.06,625.3,590.5,719.9,137
447.43,643.8,602.6,732.6,137.8
447.79,624.9,595.2,715.9,136.1
448.16,653.9,622.1,748.3,137.9
448.53,653.5,618.4,748,138.3
448.89,664,628.8,757.7,137.2
449.26,661.9,627.4,753.2,136.4
449.62,652,613.1,735.4,137.8
449.99,671.4,632.8,764.7,138.3
450.35,658.1,625.7,760.1,138.1
450.72,671.9,640.2,768.7,136.6
451.08,673.9,637.2,764.6,136.1
451.45,668.6,629.5,759.2,136.8
451.81,690,652.4,789.3,138.2
452.18,690.7,656,787.5,137.8
452.54,691.5,658.2,792.3,137.9
452.91,691.3,653.9,788.4,137.5
453.27,703.6,665.1,799.9,137.4
453.64,711.4,667.8,804.4,136.2
454,707.1,667,799.1,137.5
454.37,698.4,662.3,790.4,138.5
454.73,734.8,690.5,836,137.3
455.1,724.8,681.1,820.2,138.5
455.46,733.6,693.9,836.5,137.5
455.83,745.4,702.4,847.6,137.9
456.19,748.1,703.1,847.8,138.9
456.56,749.6,707.4,845.8,137.4
456.92,752.3,710.3,855.6,137.4
457.29,765.9,726.1,868.3,138.8
457.65,750.5,707,851.6,137.1
458.02,771,728.2,875.8,136.9
458.38,776.5,732.3,883.4,137.4
458.75,789.3,735.9,883.6,137.8
459.11,789,739.2,881,137.3
459.48,792.4,746.2,893.8,137.7
459.84,801.3,750.7,897.3,138.5
460.2,815.4,766,912.3,137.9
460.57,810.9,756,906.5,137.2
460.93,810,759.6,905.2,137.7
461.3,826.1,770.8,922.2,137.3
461.66,825.2,774.9,925.2,137.6
462.03,839.5,787.4,934.4,137.2
462.39,859.2,800.5,947.1,137.1
462.75,869.6,813.1,964.8,138.1
463.12,871.1,812.9,962.4,138.6
463.48,871.9,819.4,966.2,137.9
463.85,868.8,810.7,961.8,138
464.21,897.7,839.2,993.5,138.5
464.57,889.1,825.7,975.6,138.5
464.94,905.6,847.5,1000,137.2
465.3,911,850,1000.3,138
465.67,910.2,848.1,997.7,136.7
466.03,904.8,833.6,987.2,137.2
466.39,911.6,848.3,998.5,137.1
466.76,934.3,865.8,1011.1,136.8
467.12,940.8,870.3,1020.4,136.8
467.49,940.1,870.3,1013,137.5
467.85,960.4,885.5,1037.9,137.1
468.21,958.7,886.9,1035.7,138.5
468.58,975,903.3,1051.9,137
468.94,979.8,911.6,1065,137.7
469.3,994.2,919.6,1059.6,136.8
469.67,984.4,907.9,1047.7,138
470.03,1003,920.6,1062.5,137.9
470.39,1002.3,917.8,1068.5,136.9
470.76,1008,926.8,1071.4,137.2
471.12,1030.3,939.1,1088.6,137.2
471.48,1037.2,948.1,1102.8,137
471.85,1031.2,944.9,1088.5,136.8
472.21,1035.8,943.7,1093.4,136
472.57,1058.6,960.3,1111.9,137.7
472.94,1060.2,966.5,1119.8,138.2
473.3,1061.8,960.8,1122.1,137.9
473.66,1066,967.2,1115.1,136.3
474.03,1076.7,974,1131.4,136.3
474.39,1092.7,989.7,1141,136.8
474.75,1105.2,989.3,1147.8,135.7
475.11,1089.4,986.1,1141.3,137.2
475.48,1120.8,1003.1,1168.2,136.1
475.84,1127.8,1009.7,1178.7,137
476.2,1130.9,1014.4,1180.3,137
476.57,1148.3,1023.9,1192.7,137.9
476.93,1150.3,1026,1203.2,137.7
477.29,1154,1029,1208.4,137.1
477.65,1160.4,1029.4,1218.7,136.2
478.02,1175.4,1042,1236.9,137
478.38,1194.6,1049.6,1253.8,136.9
478.74,1198.2,1055.6,1249.5,136.7
479.1,1204.6,1051.4,1261.1,136.6
479.47,1208.4,1056,1268.5,136.7
479.83,1223.2,1062.7,1285.2,136.2
480.19,1233.8,1077.1,1293.1,136.3
480.55,1241.7,1073.5,1306.9,136.4
480.92,1246.7,1080.9,1320.4,137.4
481.28,1270,1089.7,1340,136.3
481.64,1269.2,1093.3,1345.8,136.4
482,1279.1,1091.9,1366.8,136.7
482.36,1296.1,1103.5,1377.7,137.8
482.73,1311.3,1118.7,1393.2,137.1
483.09,1319.4,1115.9,1410.8,137.5
483.45,1336.5,1129,1429.4,135.9
483.81,1353.8,1130.9,1443.3,136.5
484.17,1354.2,1136,1454.4,137.9
484.54,1371.1,1144.6,1469.5,137.2
484.9,1378.3,1141.3,1485.6,136.4
485.26,1372.1,1143.3,1500.1,137.1
485.62,1385.8,1143.4,1508.9,136.8
485.98,1392.6,1153.3,1519.3,136.3
486.35,1415.7,1164.2,1546.1,136.6
486.71,1428.2,1171.1,1565.7,136.9
487.07,1439.8,1183.3,1579,136.7
487.43,1457.4,1179.5,1582.3,137.6
487.79,1470.8,1194.9,1619.7,136.9
488.15,1475.4,1202.2,1636.6,136.5
488.52,1491.7,1202.8,1641.9,136.3
488.88,1502.5,1205.3,1661.5,136.2
489.24,1504.2,1204.6,1654.4,136.3
489.6,1518.5,1218.2,1676.4,136.5
489.96,1531,1213.3,1698,138.5
490.32,1552.5,1230.4,1722.1,137.6
490.68,1561.1,1233.3,1733.8,136.6
491.04,1571.3,1240.9,1756.6,137.2
491.41,1587.7,1249.4,1768.9,137.5
491.77,1595.9,1255.8,1774.6,136.4
492.13,1602,1251,1785.2,137
492.49,1623.8,1269.2,1816.1,136.6
492.85,1621.4,1262.1,1810.6,137.1
493.21,1648.7,1283.4,1842.6,136.1
493.57,1651.9,1279,1845.7,137.2
493.93,1665.6,1290.6,1855.2,136.7
494.29,1680.3,1295.4,1883.7,137.6
494.65,1690.2,1303.2,1899.6,136.2
495.02,1702.7,1308.2,1907.5,137.2
495.38,1715.2,1307.4,1923.5,136
495.74,1724.6,1321.3,1932.9,135.5
496.1,1735.1,1327.2,1952.1,137.1
496.46,1731.4,1332.6,1957.1,136.9
496.82,1755.6,1328,1978,136.6
497.18,1765.1,1348.5,1985.7,137.8
497.54,1787,1350.4,2003.5,137.2
497.9,1783.5,1352.2,2007.4,136.5
498.26,1799.3,1355,2021.5,136.7
498.62,1810.9,1360,2034.2,136.4
498.98,1818.9,1362.6,2043.9,137.8
499.34,1829.7,1368.5,2047.4,136.9
499.7,1826,1373.6,2055.8,135.9
500.06,1848,1379.6,2065.6,136.8
500.42,1851.3,1372,2075.6,135.9
500.78,1867.1,1386.8,2099,136.9
501.14,1873.7,1379.6,2114.1,137
501.5,1885.2,1390.8,2112.3,137.4
501.86,1895.2,1396.5,2133,136.9
502.22,1901.5,1385,2130.8,137.1
502.58,1909.2,1398,2142.5,136.6
502.94,1914.8,1395.6,2146.8,137.4
503.3,1933,1409.5,2155.5,136.6
503.66,1931.6,1406.2,2145.4,137.3
504.02,1942.6,1412.2,2169.3,136.6
504.38,1939.7,1402.3,2180.7,136.4
504.74,1950.2,1406.9,2181.2,137.2
505.1,1958.8,1403,2196.9,137
505.46,1966.3,1402.9,2194.6,136.5
505.82,1980.7,1413.7,2211.3,136.1
506.18,1982.7,1403.5,2213.2,135.9
506.54,1994.1,1409.8,2231.4,136.6
506.9,1983.9,1407,2229.6,136.9
507.26,1979.4,1400.9,2234.1,137.6
507.62,1990.3,1390.4,2239.1,137.6
507.98,2011.9,1389.6,2242,136.8
508.34,1993.3,1380.1,2243.1,136
508.7,1992.8,1378.8,2246.8,136.8
509.06,2018,1383.1,2258.8,136.1
509.42,2000.5,1369.5,2241.9,136
509.78,2020.7,1371.9,2268.5,136
510.14,2017.5,1357.2,2260.4,136.2
510.5,2027.2,1363.1,2272.5,137.4
510.85,2022.4,1348.7,2270.7,136.7
511.21,2033,1340.6,2270,137.3
511.57,2029.8,1335,2276.7,137.9
511.93,2043.9,1331.4,2301.2,135.6
512.29,2045.7,1325.6,2291.6,137.2
512.65,2046.2,1316.7,2291.3,135.6
513.01,2049.4,1307.3,2295,136.4
513.37,2054.2,1302,2298.9,137.2
513.73,2058,1296.9,2305.3,135.8
514.09,2055.3,1287,2316.5,138.1
514.44,2066.6,1285.5,2343.1,138.1
514.8,2056.5,1268.5,2319.8,136.9
515.16,2062.9,1259.8,2306.8,137.2
515.52,2062.7,1247.7,2315.3,136.4
515.88,2074.3,1246.4,2344.3,136.6
516.24,2072,1236.5,2322.6,136.1
516.6,2081.3,1223.6,2331.2,137.2
516.95,2078.5,1208.3,2324.3,136.7
517.31,2086,1206.4,2339.4,137.6
517.67,2098.7,1208.7,2353.3,136.9
518.03,2096.3,1193.9,2347.7,136.3
518.39,2105.4,1190.7,2359.2,135.9
518.75,2093.1,1175.8,2356.2,135.7
519.1,2091.1,1163.6,2356.2,138
519.46,2110.4,1162.4,2381.1,137.1
519.82,2110.6,1155,2371.4,138
520.18,2115.4,1152.1,2387,136.7
520.54,2113.9,1139.7,2390.2,136.4
520.9,2109.3,1138,2395.9,136.2
521.25,2122.1,1129.4,2381.7,136.8
521.61,2137.8,1124.4,2402.7,137
521.97,2146.6,1118.7,2408.7,138
522.33,2138.8,1110.4,2414.8,136.3
522.69,2147.8,1106.9,2431.2,135.4
523.04,2155.4,1107.9,2429.1,136.6
523.4,2152.5,1097.4,2432.3,136.4
523.76,2151.7,1101,2449.7,137.8
524.12,2168.2,1103,2469.9,137.5
524.47,2171.2,1099.8,2463.1,136
524.83,2169.1,1095.5,2454.5,136.7
525.19,2181.7,1095.3,2475,136.8
525.55,2171.8,1087.4,2463.1,137.5
525.9,2198.1,1086.2,2476.8,137.6
526.26,2191.1,1089.4,2479,136.5
526.62,2197.5,1088,2494.6,136.1
526.98,2208.9,1093.1,2498.9,137.4
527.33,2212.6,1097.3,2512.3,136.6
527.69,2226.7,1093.9,2507.3,135.6
528.05,2240.9,1108.4,2539.8,135.6
528.41,2235.7,1113.1,2538.8,136.2
528.76,2251.7,1120,2541.7,137
529.12,2246.7,1123.4,2549.9,136.3
529.48,2279.6,1132.4,2568,137
529.83,2277.4,1138.9,2565,136.9
530.19,2277.9,1143,2577.3,137.7
530.55,2277.5,1158.8,2593.5,136
530.91,2279.3,1166.9,2595.6,136.1
531.26,2309.6,1178.4,2615.7,135.6
531.62,2304.6,1188.4,2614.5,137.5
531.98,2330,1210.1,2639.1,137
532.33,2319.7,1209.2,2626.1,136.4
532.69,2327.8,1223.7,2645.1,136.9
533.05,2356.8,1248,2682.6,137.2
533.4,2348.8,1256.8,2681.7,136.3
533.76,2363.1,1276.8,2684.7,135.6
534.12,2391,1298.6,2712.7,135.6
534.47,2376.1,1313.6,2711.8,136.7
534.83,2383,1331.4,2725.6,136.1
535.19,2405.8,1360.8,2747.2,136.9
535.54,2426.6,1378.5,2761,136.1
535.9,2428.3,1384.3,2765.2,136.2
536.26,2435.4,1417.8,2782.9,136.8
536.61,2440.5,1433.2,2782.5,136.4
536.97,2445.3,1461.8,2792.1,137.4
537.32,2468.5,1491,2806.4,135.6
537.68,2482,1515,2835.3,136.3
538.04,2500.5,1540.8,2854.8,135.5
538.39,2506.7,1565.8,2858.2,137.5
538.75,2509.9,1594.3,2873.5,137.3
539.11,2516.6,1616.7,2865.3,136.8
539.46,2534.3,1652.4,2894.5,136.2
539.82,2524.7,1674.4,2881.1,136.3
540.17,2557.5,1717,2916.5,136.8
540.53,2568.1,1726.6,2933.7,135.8
540.88,2570.8,1759.1,2931.4,135.9
541.24,2573.2,1784.9,2927.4,137
541.6,2593.8,1820.7,2944.9,137.5
541.95,2606.3,1855,2954.4,136.7
542.31,2599.1,1876.7,2961.4,135.2
542.66,2632.1,1914.1,2996.3,136.6
543.02,2632.1,1937.5,3000.1,137.1
543.37,2631.6,1978.1,3004,135.5
543.73,2632,1988.1,3004,137.1
544.09,2649.5,2018.5,3017,136.3
544.44,2657.5,2044.6,3025.2,137.1
544.8,2653.2,2070.1,3031.1,136.8
545.15,2653.2,2096.4,3046.7,136.4
545.51,2669.3,2127.7,3066.1,136.4
545.86,2697.3,2172.7,3085.6,135.6
546.22,2685.1,2187,3083.2,136.5
546.57,2702.5,2223.7,3096.9,136.4
546.93,2691.6,2236.7,3090.7,137
547.28,2707.4,2263.3,3116,135.7
547.64,2715,2296.7,3125.6,135.4
547.99,2710.6,2302.5,3128.5,136.8
548.35,2729,2337.6,3125,137.3
548.7,2721.3,2347.5,3105.1,136.4
549.06,2724.8,2382.3,3146.2,137.5
549.41,2734.9,2413.4,3165,137.1
549.77,2741.2,2410.4,3137.3,135.5
550.12,2747.1,2447.8,3162.2,136.3
550.48,2753,2457.8,3163.1,136.3
550.83,2757.6,2475.3,3138.1,136
551.19,2740.2,2496.3,3149.6,137
551.54,2750.5,2520.2,3154.3,136.8
551.9,2753.1,2531.3,3154.7,136.3
552.25,2757,2549.6,3170.8,136
552.61,2755.9,2569.9,3176.7,137.2
552.96,2753,2576.7,3175.7,136
553.32,2766.3,2604.1,3182.2,136.7
553.67,2759.3,2598.2,3180.4,136.5
554.02,2768.2,2619.7,3189.1,136
554.38,2767.4,2621.8,3180.9,136.1
554.73,2774.4,2642.9,3193.2,135.9
555.09,2762.2,2647,3184.2,136.6
555.44,2767.4,2649.2,3187.1,136.7
555.8,2772.7,2666.4,3200.2,136.3
556.15,2782.3,2681.5,3201.3,136.9
556.5,2784.2,2688.8,3190.7,136.4
556.86,2787.3,2698.3,3179.4,136
557.21,2775,2706,3174.6,137
557.57,2786.3,2719.7,3203.3,136.6
557.92,2785.2,2712.7,3193,136.1
558.27,2798.9,2736.5,3203.5,136.6
558.63,2786.9,2737.6,3203.4,136.6
558.98,2773.4,2728.7,3196.2,135.3
559.34,2796,2741.8,3202.7,137.2
559.69,2789.3,2751.5,3200.8,137.5
560.04,2786.8,2758.2,3198.3,136.9
560.4,2779.4,2771.8,3199.6,136.7
560.75,2766.4,2766.1,3202.4,136.8
561.1,2783.9,2777.8,3218.4,135.5
561.46,2783.8,2763.9,3192.5,136.3
561.81,2784.8,2778.2,3200.4,136.3
562.16,2771.7,2771.5,3204,136
562.52,2773.4,2780.6,3204.9,136.4
562.87,2779.6,2779.2,3222.5,136.5
563.23,2765.3,2782.6,3228.5,136.6
563.58,2781.3,2816.4,3240.2,136.3
563.93,2775.1,2793.1,3216.5,136.6
564.28,2776.5,2803.4,3212.4,135.8
564.64,2788.1,2808.2,3230.6,135.7
564.99,2765.2,2804.9,3222.6,136
565.34,2791.3,2818.7,3241.3,135.8
565.7,2784.4,2809.8,3218.3,135.6
566.05,2793.7,2845.7,3230.9,136.4
566.4,2786.1,2842.9,3220.7,136.4
566.76,2785.6,2832.7,3228.9,136.5
567.11,2782,2832.8,3225.4,136
567.46,2792.5,2837,3230.4,136.1
567.82,2787,2825.9,3236,136.2
568.17,2794.4,2846.2,3222.5,135.4
568.52,2799.9,2852.6,3251.6,137.5
568.87,2797.7,2861.2,3233,136.8
569.23,2811.8,2877.7,3255.7,136.2
569.58,2819.3,2885,3250.6,135.3
569.93,2803.5,2878.3,3272,136.3
570.28,2807,2857.9,3257.3,135.2
570.64,2830.1,2881.9,3276.2,136.3
570.99,2832.7,2880.7,3279.2,137.1
571.34,2818.6,2885.4,3280.8,136.1
571.69,2820.5,2870.7,3267.1,134.1
572.05,2829.7,2898.4,3284.7,135.1
572.4,2825.7,2877.2,3277.2,134.8
572.75,2832.9,2891.5,3280,135.5
573.1,2831.9,2899.1,3301.4,136.4
573.46,2843.3,2924.4,3319.9,135
573.81,2838.8,2911.3,3322.8,136.1
574.16,2856.7,2917.9,3319.8,136.1
574.51,2845.9,2919.4,3314.6,136.7
574.86,2845.6,2927.9,3328.8,134.7
575.22,2868.3,2923.6,3330.4,136.4
575.57,2874.3,2942.4,3343.3,136.1
575.92,2869.3,2956.6,3344.9,135.9
576.27,2878.8,2957.1,3357.3,135.9
576.62,2864.3,2943.6,3352.1,135.9
576.97,2889.7,2965.6,3382.1,136.4
577.33,2908.3,2986.7,3402.5,136.5
577.68,2877.8,2943.6,3344,136.4
578.03,2912.8,2978.2,3398.9,136.5
578.38,2895.7,2977.7,3401.6,137.4
578.73,2914.5,2991.9,3399.7,136.7
579.08,2916.6,2989.8,3419,136.6
579.44,2931.8,3010.1,3432.5,136.4
579.79,2938.7,3001.1,3409.8,135.7
580.14,2955.2,3008.3,3410.8,136.5
580.49,2971.6,3020.7,3419.6,136.2
580.84,2955.7,3020,3438.1,134.4
581.19,2955.7,3034,3436.1,134.5
581.54,2975.6,3048.1,3450.1,134.7
581.9,2987.3,3064.7,3461.8,134.9
582.25,2992.1,3069.8,3481.7,136.1
582.6,2984.9,3076.1,3487.1,136.4
582.95,2992.5,3084.1,3464.4,136.3
583.3,2970.6,3067.2,3470.1,136.7
583.65,3014.9,3105.2,3520.2,136.5
584,3012,3077.6,3514.2,135.8
584.35,3014.2,3114.7,3531.6,136.2
584.7,3026.3,3129.6,3544,136.5
585.05,3038.9,3131.7,3554.2,135.7
585.41,3033.8,3120.6,3544.6,134.5
585.76,3019,3110.9,3540.5,136.2
586.11,3064,3140.2,3577.1,137.7
586.46,3066.7,3146.6,3573.3,134.8
586.81,3072.3,3159.6,3586.5,136.4
587.16,3068.5,3160.9,3604.3,134.4
587.51,3085.2,3173.8,3618.3,134.1
587.86,3091.4,3186.5,3614.5,134.8
588.21,3096.3,3210.7,3631.9,135.3
588.56,3106.8,3211.8,3639.9,134.7
588.91,3100.8,3188.5,3620.8,135.8
589.26,3103.7,3196.6,3614.8,137
589.61,3113.1,3209,3634,136.9
589.96,3129.4,3227.6,3641,135.8
590.31,3137.9,3220.7,3667.3,137.4
590.66,3151.8,3250.6,3688.1,135.4
591.01,3132.6,3234.3,3684.4,136.7
591.36,3151,3250,3706.1,136
591.71,3130.1,3225.3,3682.2,135.6
592.06,3157.9,3263.2,3707.8,135.9
592.41,3178,3267.9,3684.6,136.3
592.76,3183,3250.5,3701.2,135.4
593.11,3189.8,3277.3,3713.6,135.8
593.46,3181.1,3272.4,3722.3,137.1
593.81,3190,3276.9,3720.6,135.2
594.16,3198.6,3279.1,3699.9,136.4
594.51,3213.6,3288.9,3724.5,136.5
594.86,3200.6,3293.5,3711.3,135.3
595.21,3203.6,3288,3724.7,135.7
595.56,3209.3,3279.2,3721.1,136.5
595.91,3212,3276.5,3717.3,137.1
596.26,3225.4,3299.5,3735.2,136.6
596.61,3219.1,3301.3,3735.9,135.8
596.96,3199.5,3293.2,3739.2,136
597.31,3191.2,3301.7,3762.4,136.5
597.66,3193,3297.8,3727.1,136.5
598.01,3196.9,3301.9,3736.9,137.3
598.36,3209.4,3302.7,3760.9,136.8
598.71,3201.7,3302.1,3747.1,136.6
599.05,3201.5,3303.8,3728.9,136.3
599.4,3204.8,3289.8,3742,135.8
599.75,3216.3,3319.2,3760.7,137.3
600.1,3214.3,3298.8,3754.8,135.6
600.45,3210.7,3297.2,3751.7,136.7
600.8,3213.9,3303.3,3716.4,136.8
601.15,3189.1,3298.2,3737.7,136.6
601.5,3199.9,3305.3,3746.6,136.8
601.85,3207.2,3306.2,3735.1,136
602.2,3192.8,3287.4,3724.5,136.9
602.54,3192,3293.5,3734.6,136.3
602.89,3180.1,3278.5,3735.2,135.9
603.24,3188.7,3282.9,3728.7,136.5
603.59,3181.1,3293.7,3731.3,136.8
603.94,3187.2,3278.5,3734.6,136.3
604.29,3191,3290.4,3747.8,137.6
604.64,3184.7,3271.2,3719.2,136.4
604.98,3189.4,3261.2,3709.1,136.2
605.33,3170.3,3264.5,3695.9,137.7
605.68,3183.7,3272.5,3702.9,136.2
606.03,3174.4,3267.3,3694,136
606.38,3159,3273.9,3687.2,135.5
606.73,3164.3,3268.5,3684.7,137.1
607.07,3151.1,3260.6,3702,137.2
607.42,3154,3246,3685.5,136.1
607.77,3131.6,3235,3663.6,136.8
608.12,3146.8,3251.6,3652.7,136.3
608.47,3141.1,3246.2,3678.1,138
608.82,3120.2,3242.6,3671.6,136.4
609.16,3135.6,3230.7,3660.4,138
609.51,3135.6,3222.3,3648.6,136.8
609.86,3124.6,3206.1,3639.8,137.8
610.21,3121.9,3220.1,3659.4,137.7
610.55,3111.7,3232.7,3647.7,138
610.9,3088.1,3219,3612.2,138.1
611.25,3100.6,3204.9,3616.2,137.5
611.6,3118.6,3201.2,3628.4,139.1
611.95,3095,3206.5,3628.7,140.1
612.29,3097.4,3204.5,3622.6,138.9
612.64,3093.7,3183.7,3619.2,139.6
612.99,3091.2,3192.3,3616.8,139.7
613.34,3104.5,3174.6,3636.9,140
613.68,3091.3,3181,3634.9,139.4
614.03,3058.9,3169.1,3606.5,141.1
614.38,3055.9,3152.7,3577.9,142.6
614.73,3058.6,3162.7,3557.8,143.6
615.07,3062.8,3155.1,3567.7,145.4
615.42,3087.1,3157.7,3567.4,145.1
615.77,3082.7,3159.8,3590.7,144.5
616.11,3061.9,3148.5,3566.3,146.3
616.46,3073,3157.9,3572,148.5
616.81,3057.6,3149.7,3575.1,150.4
617.16,3042.7,3130.6,3558,151.9
617.5,3033.6,3136.9,3529,152.2
617.85,3045.9,3140.1,3550,153.9
618.2,3034.2,3138.3,3540.4,155.8
618.54,3034.4,3132.2,3545.3,156.3
618.89,3037.3,3134.9,3545.8,160.3
619.24,3039.4,3137.8,3556.6,162.6
619.58,3031,3116.3,3544.6,163
619.93,3025.7,3118.4,3544.4,164.8
620.28,3022.6,3120.5,3552.2,167.6
620.62,3018.3,3115.2,3518.3,167.7
620.97,3021.7,3114.4,3508.2,172.3
621.32,3036.4,3096,3509.9,174
621.66,3029.5,3080.9,3504.1,175.7
622.01,3020,3082.3,3503.3,177.9
622.36,3005.2,3104.3,3515.5,179.3
622.7,3009.1,3103.1,3546.2,183.1
623.05,3008.3,3086,3528.8,186.3
623.39,3015.8,3106.3,3519.8,188
623.74,2997.1,3087.6,3500.7,190.5
624.09,2994.4,3093.7,3525.1,192.2
624.43,3009.5,3096.1,3522.2,195.5
624.78,2990.1,3104.2,3517.7,199.8
625.13,2983.9,3105.5,3515.5,200.3
625.47,2986.7,3104,3525.3,205.9
625.82,2988.8,3093.3,3500.9,207.9
626.16,3003.9,3083.3,3503.9,209.6
626.51,3008.6,3102.2,3519.4,211.6
626.85,2984.1,3082.7,3510.7,215.3
627.2,2997.8,3070.8,3505.8,215.6
627.55,2979.8,3072.3,3506.1,219
627.89,2997.5,3095.9,3502.6,222.2
628.24,2995.4,3093.8,3487.4,224
628.58,2982.8,3095,3486.8,226.4
628.93,3002.7,3117.6,3525.2,230.6
629.27,2988.9,3081.8,3499.6,231.3
629.62,3003.4,3092.3,3505.4,235.8
629.97,3018.9,3090,3505.8,234.3
630.31,3007.3,3070.9,3505.5,240.4
630.66,2990.6,3086.2,3504.6,240.7
631,2997.9,3086,3500.4,245.5
631.35,2974.4,3080.1,3491.7,246.8
631.69,2980.2,3092.7,3499.2,248.6
632.04,2982.6,3095.7,3503.1,249.8
632.38,2990.2,3086.1,3490.1,251.9
632.73,2986.2,3087.5,3511.9,252.7
633.07,3018.5,3089.5,3505.5,255.8
633.42,2999.2,3091.8,3493.3,256.7
633.76,3012.3,3092.3,3500.6,259.4
634.11,3008.2,3090,3518.7,261.1
634.45,3010.4,3109.7,3532.4,265.2
634.8,2993.5,3106.1,3515.6,263.9
635.14,2997.9,3094.8,3503.8,265.8
635.49,2994.9,3099.9,3507.3,269.6
635.83,3003.9,3093.3,3523.6,269.6
636.18,2995.3,3084.5,3510.7,270.7
636.52,3029.7,3111,3533.9,275.5
636.87,3033.7,3104.9,3527.9,277.2
637.21,3012.8,3095.7,3524.7,276.2
637.55,3023.1,3107.5,3517.9,277.5
637.9,3001.9,3116,3529.2,278.9
638.24,3011,3111.3,3534.4,281.8
638.59,3006.7,3107.7,3508.2,281.4
638.93,2992.5,3104.4,3537.9,285.6
639.28,3010.8,3108.5,3523.1,285.7
639.62,3018.5,3109.9,3505.1,286.2
639.96,3015.5,3118.3,3538,286.7
640.31,3005.7,3104.1,3530.4,290.3
640.65,3017.2,3116,3548,289.3
641,2990.2,3107.6,3529.1,292.3
641.34,2993.4,3118.7,3533.8,292
641.69,3007.7,3102.6,3501.5,293.4
642.03,3031.1,3109.1,3505.4,294.1
642.37,3025.3,3134.5,3527.3,296.2
642.72,3021.9,3113.5,3525.8,296.1
643.06,3034.2,3133.5,3572.8,300.4
643.4,3032.1,3120.9,3556.9,296.4
643.75,2996.4,3109.8,3547.9,298.9
644.09,3001.4,3111.9,3544,299.3
644.44,3035.8,3141.6,3544.4,299
644.78,3022.9,3117.4,3534.4,300.3
645.12,3007.4,3111.7,3511.9,299.9
645.47,3007.6,3135.7,3503.8,304.1
645.81,3013.9,3122.4,3481.3,303.8
646.15,3017.7,3126.3,3512.3,306.8
646.5,3027.5,3120.5,3524.8,305.1
646.84,3031.5,3119.6,3534.7,304.3
647.18,3027,3114.1,3531.2,303.6
647.53,3032.5,3124.4,3558.8,307
647.87,2998.3,3099.5,3515,305.6
648.21,3008.9,3111.3,3527,305.4
648.56,2997.4,3108.1,3507.7,306.1
648.9,3005.8,3117.2,3513.8,308.9
649.24,3035.3,3121.7,3558.2,311.1
649.59,2987.6,3088.7,3522.1,307.7
649.93,3005,3092,3518.3,308.6
650.27,3009.5,3109.2,3519.5,310.1
650.61,2991.9,3096,3512.5,308.8
650.96,2989.9,3104.5,3516.6,308.3
651.3,2975.4,3083.6,3527.1,307.9
651.64,2998.6,3083.4,3519.9,313
651.98,2987.3,3076.4,3512.4,310.2
652.33,2984.8,3082.2,3499.5,311.6
652.67,2964.2,3049.4,3470.4,307.8
653.01,2960.6,3083.8,3497.1,313.9
653.36,2955,3078.3,3495.6,310.3
653.7,2951.2,3066.9,3484,311.2
654.04,2953.2,3057.2,3463,313
654.38,2952.4,3074.1,3473.8,312.3
654.72,2923,3055.2,3424.8,311.1
655.07,2946.7,3062.4,3437.3,311.9
655.41,2950.4,3039.8,3446,309.6
655.75,2949.6,3041.1,3434.3,310.9
656.09,2938,3007.4,3446.8,313.5
656.44,2917.2,3008.3,3434.4,311.7
656.78,2935.8,3019,3436.6,310.4
657.12,2925.7,3032.2,3438.5,311.9
657.46,2912.4,3029.3,3403.1,309.9
657.8,2911,3029.4,3407.7,312.5
658.15,2918.7,3018,3403.9,309.6
658.49,2911.1,2997.5,3393.9,311.3
658.83,2904.6,3002,3389.4,310
659.17,2887.6,2982.1,3387.7,310.7
659.51,2905.8,2985.2,3417.7,311.9
659.86,2889,2969.9,3380.1,306.2
660.2,2895.5,2960.6,3371.6,309.9
660.54,2875.1,2942.8,3341.6,307.9
660.88,2848.1,2930.4,3366.3,309.4
661.22,2864.4,2942.2,3356,306.7
661.56,2839.2,2945.2,3320.8,308.7
661.9,2842.2,2921.8,3305,307.9
662.25,2826.2,2926.8,3303.1,308.2
662.59,2823.9,2913.7,3322.8,307.8
662.93,2816.6,2908.6,3312.7,310
663.27,2823,2907.7,3297.9,307.7
663.61,2790.6,2883.2,3287.9,306.6
663.95,2785.1,2899.9,3297.1,305.4
664.29,2792,2899.5,3293.3,307.2
664.63,2794,2889.6,3273.5,305.4
664.98,2776.2,2890.7,3270.2,306.1
665.32,2770,2853.4,3263.7,304.9
665.66,2756.4,2847.3,3252.6,304.1
666,2744.1,2851.4,3232.3,306.2
666.34,2732.4,2852.3,3220.8,305.2
666.68,2731.1,2849.1,3203.3,306.2
667.02,2728.1,2844.9,3194.7,308.4
667.36,2714.4,2830.7,3204.3,304.9
667.7,2706.3,2818.1,3210.7,304.4
668.04,2702.7,2805.9,3201.3,303.2
668.38,2692.3,2796.7,3201.8,304.1
668.72,2686.1,2790.7,3203.9,304.4
669.06,2696.1,2782.2,3177.1,302.1
669.4,2694.5,2758.2,3180.4,301.2
669.75,2677.9,2757.9,3159,297.5
670.09,2675.2,2762.7,3132.5,299.9
670.43,2667.4,2755.1,3137.5,299.6
670.77,2652.4,2758.7,3150.2,299.1
671.11,2655.7,2759.2,3151,299.1
671.45,2647.2,2746.7,3129.1,297.1
671.79,2651.1,2743,3111.3,298.7
672.13,2640.1,2730.3,3099.9,297.3
672.47,2621.5,2713.9,3071.4,294.9
672.81,2617.3,2713.1,3065.6,295.8
673.15,2600.6,2703.9,3051.4,296.8
673.49,2591.9,2721.1,3057.9,296.9
673.83,2598,2687.9,3044.6,295.4
674.17,2589,2670.4,3040.7,292.8
674.51,2592.2,2689.3,3056.3,292.7
674.85,2561.2,2657.4,3016.2,293.3
675.19,2542.6,2655.4,3002.9,294.3
675.53,2558.5,2660.2,3019.8,292.5
675.87,2523.3,2646.6,3001.7,294
676.2,2531.3,2637.9,2994.7,292.5
676.54,2544.4,2638.6,3004.1,293.5
676.88,2528.3,2619.6,2973.4,290.1
677.22,2514,2606.6,2978.5,291.5
677.56,2517.4,2611.9,2988.8,292.6
677.9,2509.7,2599.1,2990.8,289.2
678.24,2503.8,2585.6,2962.8,290.2
678.58,2503.7,2596.3,2946.3,291
678.92,2509.5,2589.3,2935.4,291.1
679.26,2486.4,2575.3,2935,290.8
679.6,2466.4,2572.5,2914,287.6
679.94,2460.6,2578.2,2910.6,288.8
680.28,2465.2,2567.3,2922.2,289.1
680.62,2453.1,2573.9,2929,287.7
680.95,2427.7,2563.6,2885.9,286.8
681.29,2442.7,2566.7,2888.3,287.9
681.63,2450.9,2559.9,2889.1,286.9
681.97,2438,2545,2884.7,287.7
682.31,2451.5,2545.6,2888.2,286.5
682.65,2432.6,2534.1,2865,283.8
682.99,2424.6,2522.3,2851.4,284.4
683.33,2419.7,2534.6,2853.6,286
683.66,2420,2533.5,2851.6,286.9
684,2426,2526.9,2850.9,284.2
684.34,2415,2495.1,2838.4,284.2
684.68,2413.2,2494.1,2848,285.1
685.02,2393.1,2485.4,2815.1,281.5
685.36,2394.7,2494.1,2812.7,281
685.7,2377.5,2476.2,2792.7,281.3
686.03,2397.2,2479.8,2803.1,282
686.37,2397.5,2485.9,2800.8,282.1
686.71,2363.9,2477.5,2760.6,284.7
687.05,2381.5,2481.2,2784.6,280.7
687.39,2375.1,2480.8,2799.3,282.7
687.72,2366.4,2459.3,2793,282.8
688.06,2373.6,2452,2791.7,279.9
688.4,2381.7,2439.6,2780.5,281
688.74,2381.4,2439.1,2781.2,279.6
689.08,2339,2438.3,2748.2,279.6
689.41,2333.4,2436.2,2775.8,278.5
689.75,2323.6,2439.5,2774.5,281.3
690.09,2330.7,2430.1,2765.4,279.9
690.43,2344.7,2436.1,2765.1,280.1
690.77,2341.1,2435.8,2753.2,279.3
691.1,2343.4,2431.9,2754,280.9
691.44,2335.8,2422.2,2763.7,281.6
691.78,2308.6,2401.4,2759,275.9
692.12,2316.8,2430.9,2747.5,280.4
692.45,2333.8,2420.4,2759.2,281.3
692.79,2321.5,2403.6,2737.4,281.5
693.13,2322.5,2413.8,2729.2,280.1
693.46,2315.4,2422.1,2732.1,277.8
693.8,2301.8,2402.2,2702,275.8
694.14,2307.5,2408.6,2712.9,277.6
694.48,2299.4,2388.7,2708.4,277.1
694.81,2312.3,2391.1,2712.6,278.5
695.15,2308.7,2383,2727.1,277.7
695.49,2307.6,2378.6,2714.1,279.7
695.82,2287,2368.9,2673.1,278.5
696.16,2299.6,2393.8,2701.6,277.9
696.5,2288,2414.7,2702.7,279.5
696.84,2271.6,2386.2,2678.9,277.1
697.17,2275.5,2387.1,2700.5,275.9
697.51,2284.7,2389.4,2727.4,276
697.85,2270.1,2383.1,2705.7,277.1
698.18,2273.5,2379.5,2707.7,276.8
698.52,2272.9,2376,2682.7,275.5
698.86,2288.1,2382.1,2708.2,277.7
699.19,2280,2343.8,2687,277.5
699.53,2275.9,2347.6,2680.6,278
699.87,2287,2374.3,2690.3,278.7
700.2,2275.1,2383.4,2680.9,280.4
700.54,2253.1,2359.1,2672,276.2
700.87,2272.2,2379.1,2687.8,278.4
701.21,2258.4,2362.8,2668,275.6
701.55,2270.7,2363.9,2678,277.8
701.88,2268.9,2362.7,2685.4,278.6
702.22,2261.8,2341.9,2657.8,276
702.56,2262,2356.5,2678.2,277.9
702.89,2250,2349.4,2643.5,274.1
703.23,2259.7,2347.4,2661.8,276.5
703.56,2267.6,2353.9,2675.3,275.9
703.9,2251.8,2352.7,2675.6,274.6
704.23,2266.9,2345.3,2669.4,275.2
704.57,2277.4,2342.8,2667.3,275.3
704.91,2272.5,2348.3,2694.8,273.2
705.24,2253.6,2356.9,2694,273.1
705.58,2252.7,2346.5,2696.7,273.3
705.91,2263.5,2337.3,2686.3,275.6
706.25,2267.2,2335.2,2677.8,274.3
706.58,2253.2,2332.5,2653.4,275.2
706.92,2246.4,2324.2,2656.4,274.3
707.26,2253.1,2325.2,2692.5,274.4
707.59,2229.3,2334.7,2679.9,276.8
707.93,2239.6,2332.6,2665.5,274.4
708.26,2227,2321.9,2644.6,271.4
708.6,2245.3,2325.7,2637.5,274.4
708.93,2244.7,2318.7,2659.6,275.8
709.27,2234,2312.6,2648.8,271.7
709.6,2227.7,2307.2,2633.8,270.8
709.94,2242.7,2319.2,2632.6,276.7
710.27,2236,2327.2,2618.3,274.5
710.61,2235.7,2323.8,2614.4,273.9
710.94,2230.2,2322.3,2635.3,272.1
711.28,2231,2323.6,2646.5,274.6
711.61,2220.2,2310.3,2633.3,276.2
711.95,2213.7,2308.3,2624.9,272.4
712.28,2223.4,2341.6,2643.8,272
712.62,2216.8,2318.7,2626.7,272.4
712.95,2218.8,2319.3,2631,274.7
713.29,2225.1,2322.7,2652.2,273.6
713.62,2197.5,2303.9,2618.6,269.2
713.96,2223.9,2318.8,2621.2,273.2
714.29,2216.5,2312.1,2612.8,272.1
714.62,2200.8,2306.5,2596.9,271.9
714.96,2212.1,2306.3,2601.1,272.6
715.29,2210.2,2292.1,2595.6,272.8
715.63,2204.4,2275.5,2604.2,272.6
715.96,2194.3,2284.7,2615.8,272.3
716.3,2194.9,2281.1,2630.9,269.7
716.63,2198,2278.4,2625.2,272.4
716.96,2189.2,2270.4,2606.1,272.6
717.3,2192.5,2263,2594.7,272.6
717.63,2188.4,2273.7,2591.3,272.6
717.97,2181,2276.4,2608.9,272.3
718.3,2171.2,2274.7,2592.8,267.2
718.63,2171.2,2260.8,2581.9,270
718.97,2162.1,2245.7,2576.4,269.6
719.3,2171.3,2263.3,2585.8,269.3
719.64,2161.5,2252.6,2563.6,269.8
719.97,2168.4,2238.2,2563.5,271.9
720.3,2177.1,2248.7,2555.5,269.3
720.64,2168.8,2238.8,2555.3,270.1
720.97,2163.8,2241.8,2546.3,272.2
721.3,2158.3,2238.1,2549.9,270.3
721.64,2158.9,2232.4,2534,267.3
721.97,2161.5,2244.6,2534.6,267.9
722.3,2141.7,2237.4,2514.5,269.6
722.64,2150.2,2240.2,2512.6,268.8
722.97,2141.9,2215.3,2506.6,268
723.3,2120.5,2186.3,2495.4,265.8
723.64,2129.6,2185,2506.9,268
723.97,2115.5,2190.4,2521.4,266.9
724.3,2131.3,2184.6,2523.7,266.8
724.64,2115.3,2180.1,2491.3,265.4
724.97,2118.3,2172.1,2477.6,267.4
725.3,2104.7,2185.7,2465.9,265.4
725.64,2101.1,2180.3,2466.4,264.8
725.97,2102.5,2161,2466.6,264.6
726.3,2104.6,2174.2,2483.8,264.3
726.63,2082.6,2136.4,2447.4,261.5
726.97,2074.2,2130,2466.8,264.7
727.3,2093.8,2136.8,2478.9,263.7
727.63,2078.1,2139.5,2471.4,262.8
727.97,2068.2,2140.3,2464.2,263.7
728.3,2077.1,2129.1,2453.8,263
728.63,2075.3,2130.5,2460.2,262.7
728.96,2057.3,2119.4,2426.6,260.7
729.3,2055.2,2107.5,2409.1,260.3
729.63,2028,2097.5,2394.1,259.4
729.96,2046.6,2101.5,2413.9,261.7
730.29,2051.4,2109.4,2425.2,258.8
730.62,2047.1,2112.2,2403.6,259.4
730.96,2000.8,2071.2,2353.6,257.7
731.29,2035.1,2083.2,2378.7,256.4
731.62,2023.9,2056.1,2348.7,256.1
731.95,2023.6,2079.4,2363.6,259.5
732.28,2012.7,2049,2343.5,256.1
732.62,2017.1,2050.6,2335.1,255.6
732.95,1991.4,2063.7,2331.3,255.9
733.28,1969,2029.8,2298.7,255.3
733.61,1967.1,2022.5,2289.5,254.4
733.94,1971.5,2035.2,2307.6,254.1
734.28,1973.4,2026.9,2314.3,254.8
734.61,1964.5,2022.4,2301.9,256.2
734.94,1957.8,2013,2281.5,254.6
735.27,1948.3,1999.9,2243.5,253.9
735.6,1948.6,1981,2224.4,252.1
735.93,1945.2,1979.4,2245,252
736.27,1919.8,1961.5,2237.9,251
736.6,1903,1957.4,2234,248.7
736.93,1905.5,1952.4,2230.9,251.3
737.26,1895.7,1957.5,2222.4,251.8
737.59,1898.9,1951,2218.7,250.2
737.92,1897.7,1929.2,2196.4,249.7
738.25,1877.7,1942.8,2202.9,250.6
738.58,1859.5,1935.1,2188.4,248.6
738.92,1864.1,1918,2174.1,249
739.25,1868,1912,2160.2,247.5
739.58,1874.2,1902,2169.6,250.6
739.91,1845,1881.5,2154.2,247.4
740.24,1824.6,1870.1,2139.1,245
740.57,1845.3,1877.1,2146.5,245.5
740.9,1847.5,1882.3,2140.7,244.4
741.23,1828.1,1875.1,2109.7,244.8
741.56,1813.5,1862.3,2122.7,245.3
741.89,1803.6,1851,2130.3,245.3
742.22,1797.7,1846.3,2122.6,243.9
742.55,1814.6,1861.3,2129,245.5
742.89,1795.6,1841.7,2088,244.6
743.22,1791,1842.6,2069,241.5
743.55,1777.1,1827.3,2055.6,243.8
743.88,1773.7,1828.9,2058.7,242.7
744.21,1770.9,1820.5,2056.6,241.2
744.54,1765.7,1817.6,2044.6,241.3
744.87,1754.3,1798.6,2023.3,241.2
745.2,1746,1779.7,2031.4,240.4
745.53,1737.4,1766.9,2009.5,237.5
745.86,1732.2,1773.1,1990.3,236.3
746.19,1724.6,1770.6,1977.1,237.9
746.52,1714.7,1769.2,1986.8,236.9
746.85,1707.4,1753.7,1981,237.8
747.18,1696.6,1731.3,1969.3,237.5
747.51,1684.4,1719.9,1957.7,234.1
747.84,1680.4,1727.6,1952.3,236.5
748.17,1682.4,1718,1961.2,235.1
748.5,1677.7,1720.9,1944.1,234.8
748.83,1665.8,1724.1,1924.5,236.1
749.16,1661,1711.3,1908.9,233
749.49,1658.5,1694.8,1897.4,232.7
749.82,1647.7,1694.2,1916.3,233.4
750.14,1647.4,1677.2,1926.2,231.8
750.47,1639,1669,1907.8,232
750.8,1624.6,1660.9,1890.9,232.3
751.13,1639.2,1646.6,1884.6,231.4
751.46,1640.3,1642.5,1872,232.5
751.79,1631.4,1653.8,1880.1,230
752.12,1621.6,1644.8,1871.6,229.8
752.45,1598.8,1636.3,1851.7,230.5
752.78,1586.1,1636.6,1854.1,232.1
753.11,1583.6,1643.1,1861.8,228.2
753.44,1576.9,1622.6,1840.3,229.9
753.77,1569.6,1616.7,1825.8,227.6
754.1,1564,1605.5,1823,228.9
754.42,1563.2,1612.5,1812.6,228.1
754.75,1559.7,1596,1807.7,227.6
755.08,1543.4,1588.3,1795.4,227.1
755.41,1542.3,1580.1,1788.3,228.6
755.74,1541.4,1571.6,1778.2,226.1
756.07,1550.5,1582.1,1785.3,227.4
756.4,1542.2,1580.6,1790.3,225.5
756.72,1526.5,1568.9,1778.7,225.7
757.05,1515,1553.8,1750,224.4
757.38,1505,1549.3,1730,225.1
757.71,1515.8,1560.6,1735.2,222.9
758.04,1513.6,1557.7,1737,225.1
758.37,1489.8,1532.3,1731.5,224.7
758.7,1471.3,1520,1726.2,223.4
759.02,1478,1515.8,1713.9,223
759.35,1474.9,1527.3,1690.7,224.1
759.68,1466.8,1518.7,1685,221.9
760.01,1460,1507.3,1689.8,221.9
760.34,1471.4,1504.3,1689.1,222.8
760.66,1468.1,1501.9,1676.1,219.1
760.99,1456.6,1487.6,1663.4,220.2
761.32,1451.2,1499.1,1681.3,219.4
761.65,1451.4,1477.7,1674.5,220
761.98,1435.1,1482.1,1666.1,221
762.3,1440.2,1481.4,1664.1,217.2
762.63,1440.2,1466.8,1654.5,219.1
762.96,1445.4,1472.5,1662.3,218.4
763.29,1430.8,1455.3,1643.1,218.8
763.61,1418.7,1454.3,1638,218.9
763.94,1398.4,1450.8,1626,217.6
764.27,1418.4,1447.6,1619.8,218.2
764.6,1408.8,1440.4,1611.9,218.5
764.92,1397.1,1422.7,1588.9,217.1
765.25,1387.9,1421.5,1610.9,216.9
765.58,1386.4,1428,1595.9,216.6
765.91,1381,1420.8,1591.3,214
766.23,1384.2,1423.7,1594.9,215.5
766.56,1369.8,1408.5,1595.9,214.5
766.89,1371.2,1415.9,1607.1,214.6
767.21,1359.4,1410.5,1584.4,214.8
767.54,1346.2,1394.5,1565.2,212.9
767.87,1362.4,1406.6,1587.7,218.4
768.19,1354.7,1394.2,1586.5,215.4
768.52,1355.3,1391.6,1588.1,214.6
768.85,1351.1,1387.5,1577.2,214.4
769.17,1354.9,1381.9,1577.1,213.2
769.5,1342.6,1378,1551.2,213.7
769.83,1339.9,1376.9,1527.8,212.5
770.15,1332.7,1373.4,1531.9,212.7
770.48,1334.2,1378.8,1551,213.7
770.81,1325.3,1382.4,1550.3,212.7
771.13,1313.2,1362.4,1530.4,210
771.46,1316.6,1361.8,1550.5,214.2
771.79,1308.6,1357.5,1535.7,210.7
772.11,1302.6,1349.6,1529.7,211
772.44,1298,1330,1505.2,212.4
772.77,1299.8,1329.2,1494,211.3
773.09,1295,1336.7,1493.7,212.2
773.42,1274.7,1326.4,1473.4,208.8
773.74,1288.1,1345.1,1495.9,210.6
774.07,1276.9,1326.8,1485.8,208.5
774.4,1277.4,1326.5,1498.1,210.6
774.72,1275.2,1321.1,1505.5,210.1
775.05,1300.2,1323.1,1502.6,210.8
775.37,1283.7,1304.2,1491.8,211.2
775.7,1276.8,1308.9,1481.5,209.1
776.03,1272.3,1309.5,1464.7,209.8
776.35,1261.8,1297.5,1455.5,208.5
776.68,1270.4,1306.3,1464.1,209
777,1255.8,1300.1,1471.3,209
777.33,1254.9,1274.8,1456.2,208.4
777.65,1240.7,1274.1,1445.7,206.4
777.98,1246,1287.4,1460.4,207.6
778.3,1241.5,1285.1,1461.4,208.3
778.63,1223.1,1271.4,1424.4,208.4
778.96,1243.5,1286.3,1426,208.5
779.28,1236.9,1290.7,1414.4,208.8
779.61,1225.1,1267.4,1405.9,205.4
779.93,1222.1,1266.8,1416.6,206.8
780.26,1221.2,1268.7,1430.6,204.8
780.58,1217.5,1279,1434.6,206.2
780.91,1221,1275.9,1414.2,205.3
781.23,1216.1,1251.2,1410.6,204.8
781.56,1208.4,1244.5,1398.7,204.8
781.88,1207.6,1253.6,1419.3,206.6
782.21,1211.7,1249.1,1425.6,205.6
782.53,1208.3,1247.4,1418.2,204.3
782.86,1205.3,1242.5,1414.5,205.2
783.18,1199.2,1234.6,1402,203.6
783.5,1196.6,1221.5,1383.2,203.7
783.83,1197.7,1236.9,1391.4,205
784.15,1184.9,1209,1371.5,203.3
784.48,1187.2,1212.6,1376.9,202.7
784.8,1180.4,1215.4,1379.7,202.3
785.13,1170.9,1213,1382.3,204.8
785.45,1185.7,1209.9,1379.5,203.7
785.78,1167.7,1186.3,1365.1,205.3
786.1,1176.3,1204.6,1374.9,202.7
786.42,1168.5,1201.4,1367.6,202.1
786.75,1174.9,1192.4,1353.1,202.4
787.07,1179.4,1203.8,1350.3,201.7
787.4,1166,1187,1339.9,200.3
787.72,1158.8,1196.6,1349.6,202.2
788.04,1151.5,1191.5,1325.9,202.7
788.37,1149.9,1189.4,1317.1,202.4
788.69,1148.6,1181.8,1312.3,200.2
789.02,1137,1177,1313.7,201.1
789.34,1130.7,1183.7,1322.9,201.1
789.66,1134.7,1185.9,1332.6,200
789.99,1138.5,1190.4,1337.8,199.7
790.31,1130.5,1181.8,1320.2,200.4
790.63,1136.6,1184.2,1332.1,200.8
790.96,1135.9,1179.3,1317.8,197.9
791.28,1144.5,1183.8,1328.6,200.5
791.61,1132.5,1180.6,1317,198.9
791.93,1139.6,1188.4,1319.3,202.1
792.25,1138.3,1183.6,1310.5,201
792.58,1125.1,1168.8,1283.1,200.4
792.9,1130.1,1166.2,1292.5,201.2
793.22,1141.7,1175.6,1309.4,202.4
793.54,1135.8,1176.9,1297.6,200.2
793.87,1140.1,1167.4,1289.9,201.8
794.19,1135.5,1169.7,1291.3,201
794.51,1122.5,1167.6,1290.9,203
794.84,1117.8,1164.9,1296.4,201
795.16,1117.2,1174.4,1294.7,200.7
795.48,1112.3,1171.2,1295,200.8
795.81,1116.7,1164.7,1301.5,201
796.13,1140.5,1180.3,1315.9,201.2
796.45,1137.2,1175.9,1321,200.8
796.77,1129,1178.6,1336.5,201
797.1,1144.9,1186.8,1328.8,201.9
797.42,1154.9,1194.3,1334.8,202.6
797.74,1143.9,1182.6,1314,201.6
798.06,1146.9,1182.2,1311.1,200.7
798.39,1142.4,1183.8,1313.4,201.1
798.71,1157.3,1184,1325.7,201.5
799.03,1149.3,1178.6,1311.9,203.5
799.35,1158.5,1176,1318,200.8
799.67,1154.9,1188.6,1336.4,202
800,1162.2,1191,1339.8,202.1
800.32,1164.2,1205.8,1356.1,202.2
800.64,1164.6,1196.3,1351.7,201.6
800.96,1167.7,1192.3,1348.4,202.5
801.29,1157.3,1191.6,1343.8,202.6
801.61,1160.9,1207.7,1347.7,202.3
801.93,1156.2,1200.9,1341.7,202
802.25,1153.4,1209.9,1341.8,202.4
802.57,1166.3,1203.6,1344.4,201.3
802.89,1173.2,1213.7,1358.7,201.4
803.22,1178.4,1215.4,1354.1,202.4
803.54,1185.8,1219.7,1366.5,200.5
803.86,1182.3,1223.6,1370.1,204.2
804.18,1182,1215,1358.4,204.3
804.5,1174.7,1223.1,1359.1,201.9
804.82,1170.9,1216.2,1355.6,202.7
805.15,1176.9,1218.3,1354.2,203.6
805.47,1186.3,1220.9,1358.2,204.2
805.79,1183.1,1212.8,1363.2,204.5
806.11,1173.6,1230.9,1372.8,204.5
806.43,1174.1,1218.1,1363.7,205.1
806.75,1175.1,1220.5,1384.4,204.2
807.07,1174.5,1230,1381.8,205.2
807.39,1175.6,1224.1,1376.9,203.5
807.71,1179.6,1233.8,1368.6,203.4
808.04,1178,1238.2,1364.6,204.5
808.36,1184.7,1232.1,1362.4,205.1
808.68,1181.9,1217.2,1358.8,203.4
809,1195.4,1226.5,1371.6,203
809.32,1203.6,1230.5,1363.5,205.9
809.64,1201,1229.3,1368.5,202.9
809.96,1195.4,1228.3,1364.8,202.3
810.28,1187.8,1225.1,1363.5,203
810.6,1177.3,1227,1366.7,203.8
810.92,1173.5,1218,1365.6,204.4
811.24,1179.4,1226.5,1374.1,205.2
811.56,1187.3,1225.2,1378.1,205.1
811.88,1175.2,1220.1,1383.9,203.2
812.2,1171.2,1213.7,1361.9,203.6
812.52,1181.8,1212.9,1365.8,204.4
812.84,1181.3,1223.7,1358.8,205.4
813.16,1185.3,1230.4,1354.2,203.6
813.48,1176,1214.8,1344.5,203.6
813.8,1183.5,1228.7,1366.4,204.4
814.12,1182.6,1212.7,1363.1,203.1
814.44,1178.4,1213.5,1354.8,204.4
814.76,1175.6,1207.2,1344.7,201.3
815.08,1162.6,1199.3,1346,205.4
815.4,1169.2,1207,1340.9,203.8
815.72,1163.9,1203.6,1341.8,203.2
816.04,1158.4,1191.2,1322.8,203.5
816.36,1165.5,1193,1321.8,204.9
816.68,1169.7,1194.4,1337.3,203
817,1164.6,1196.7,1345.4,203.8
817.32,1165.1,1201.1,1334.6,202.8
817.64,1162.6,1205.5,1331.2,201.7
817.96,1148.3,1196.4,1330.4,202.7
818.28,1140.1,1177,1312.4,202
818.6,1149.9,1180.7,1325.2,202.5
818.92,1156.4,1181.2,1327.5,202
819.24,1156,1182.9,1314,201.3
819.56,1144.3,1187.5,1314.3,199.9
819.88,1131.4,1181.7,1303.5,201.5
820.19,1142.1,1170.7,1312.5,203.5
820.51,1137.1,1161.2,1298.3,200.8
820.83,1144.4,1168,1311.9,200.5
821.15,1144.8,1159.7,1316.1,201
821.47,1134.5,1153.7,1312.4,199.6
821.79,1133.3,1161,1314,198.5
822.11,1137,1166.4,1318.1,201.1
822.43,1132.2,1153.4,1307,200
822.75,1126.2,1155.7,1312.2,200.5
823.06,1119.1,1155,1305.9,199.4
823.38,1112.9,1156,1294.3,198.6
823.7,1117.5,1160.6,1277.4,199.9
824.02,1105.9,1146.7,1281.2,198.8
824.34,1100.2,1142.8,1287.3,199.4
824.66,1110,1140.7,1287,197.3
824.97,1105.3,1122.5,1265.2,200.6
825.29,1108.1,1132.2,1259.4,197.8
825.61,1102.6,1123.2,1254,197.1
825.93,1084.3,1129.6,1254.6,200.2
826.25,1073.1,1115.4,1240.9,197
826.57,1069.5,1107.8,1243.5,196.7
826.88,1067.1,1111.9,1239.5,196.2
827.2,1066.2,1100.9,1234.9,193.4
827.52,1078.7,1109.5,1245.3,197.9
827.84,1064.6,1093.6,1227.8,196.9
828.15,1063.6,1102.4,1233.2,195.8
828.47,1064.4,1104.5,1228.1,196.9
828.79,1059.4,1093.7,1221.5,196.2
829.11,1074.6,1090.5,1229.1,195.8
829.43,1075.2,1086.6,1218.6,195.3
829.74,1053.7,1076.2,1211.6,194.1
830.06,1054.1,1082.7,1221.9,195.5
830.38,1057,1086,1212.3,195.9
830.7,1046.7,1077.9,1212.8,193.5
831.01,1050.3,1079.4,1206.9,194.3
831.33,1041.4,1063.4,1189.5,195.1
831.65,1049.5,1070.2,1202.2,196.1
831.96,1040.2,1067.2,1206.2,192.5
832.28,1025.3,1062,1196.2,191.9
832.6,1026.7,1067.1,1193.1,193.7
832.92,1017.5,1060.7,1173.1,192.1
833.23,1012.4,1048.7,1162.1,192.7
833.55,1005,1035.1,1161.1,193.1
833.87,996.8,1038.5,1157.7,191.9
834.18,1008.7,1040.6,1159.1,193.5
834.5,1006.7,1040.6,1146.3,192.3
834.82,1014.5,1043.7,1161,191.1
835.13,1006.9,1018.6,1151.9,190.5
835.45,998.3,1020.8,1151.5,192
835.77,988.8,1016.1,1147.3,192.4
836.08,1000,1017.2,1151.2,191.5
836.4,986.7,1009.6,1128.3,192.2
836.72,991.7,1006.5,1127.8,190.4
837.03,981.7,992.1,1121.9,191.7
837.35,976.1,997.6,1122.6,190.8
837.67,983.4,999.7,1117.9,190.2
837.98,967.7,991.4,1107.8,190
838.3,956.2,984.2,1108.3,189.1
838.61,963.4,989.5,1123.7,188.4
838.93,946.5,976.4,1088.5,189.9
839.25,944.4,978.8,1089.4,190.5
839.56,945.6,969,1087.4,187.7
839.88,940,969.8,1086.2,188.1
840.19,940.5,966,1090,187.8
840.51,938.5,956,1075.6,187.6
840.83,941.9,951.4,1072.4,185.9
841.14,943.8,956.7,1070.3,186.9
841.46,931.4,949.9,1067.8,186.9
841.77,930.8,950.7,1065.6,185.2
842.09,918.1,945.4,1059.1,185.1
842.4,916.4,940.4,1049.1,185.4
842.72,915.7,942.6,1038.6,185.5
843.04,903.3,935.1,1030.1,184.3
843.35,910.6,927.4,1037.7,185.1
843.67,904.6,919.2,1034.3,186.3
843.98,886.3,909.5,1031.2,185.6
844.3,896.8,922.2,1038.9,186.1
844.61,888,908.6,1032.9,184.5
844.93,878.3,913.8,1031,184.4
845.24,879.1,902.9,1016.7,184.7
845.56,880.7,906.5,1010.4,184.3
845.87,883.3,906.4,1011.5,184.8
846.19,871.6,894.6,993.4,182.2
846.5,873.3,894.5,982.3,183.3
846.82,859.3,892.6,973.9,183.8
847.13,863.2,893.7,988.1,182.4
847.45,852.8,884.6,977.4,182.5
847.76,855.8,886.5,984.3,181.6
848.08,856.9,877,986.8,181.3
848.39,857.3,876.9,981.7,182.2
848.7,858.3,871.4,980.5,181.6
849.02,843.5,858.4,971.4,181.7
849.33,842.3,869.5,975.8,183.6
849.65,837.3,855.9,964.3,181.9
849.96,839.5,857.9,952.9,179.5
850.28,834.3,851.6,947.2,180.8
850.59,830.8,850.5,946.2,179.8
850.91,819.5,845.2,935.8,179
851.22,823.5,845.5,942.2,180.4
851.53,822.1,837,933.7,178.7
851.85,815.6,837.6,939.6,179.7
852.16,813.3,831.1,937.6,179.3
852.48,818.4,839.7,924.9,181.3
852.79,802.6,823.9,921.7,179.1
853.1,802.9,819.4,914.6,179.5
853.42,808,820.2,917.1,177.7
853.73,799,813.6,901.2,176.8
854.04,797.1,811.3,902.1,179.2
854.36,789.4,803.6,904.9,177.7
854.67,784.7,804,913.3,177.2
854.99,787.9,804.1,914.3,178.1
855.3,787.6,808.7,905.6,177.2
855.61,777.4,791.9,888.5,177.8
855.93,776.1,796.5,875.1,177.7
856.24,766.5,792,868.4,175.9
856.55,764.3,787.3,862.5,175.3
856.87,769.8,784.3,859.5,176
857.18,770.3,787.4,869,175.8
857.49,763.1,776.5,868.7,175.2
857.8,765.9,775.9,870.2,176
858.12,765.7,775.1,870.8,177
858.43,757.2,761.6,850.3,174.7
858.74,758.4,764.9,850.3,174.5
859.06,748.2,756.9,844.5,174.6
859.37,745.4,761,845.3,175.2
859.68,731.6,747.3,844.3,175.1
859.99,738.1,743,843.2,173.8
860.31,738.6,748.8,845.6,174.1
860.62,738.4,743.5,843.9,174
860.93,736.7,747.4,834.1,174.7
861.24,723.8,736.8,825.3,173.4
861.56,723.7,738.8,824.7,173.8
861.87,723.2,749.7,835.8,173.8
862.18,722.9,741,827.9,173.7
862.49,718.7,741.1,827.4,173.7
862.81,713.7,730.4,810.5,172.6
863.12,711.2,731.2,805.6,171.4
863.43,700.8,724.3,797.4,171.8
863.74,699.3,725.9,792.7,172.9
864.05,695.3,724.5,801.2,172.3
864.37,698.9,708.3,799.9,173.1
864.68,697.6,709.9,787.5,171.8
864.99,698.4,714.4,785.5,172.5
865.3,696,712.2,785.3,170
865.61,694.7,707.7,781.2,172.1
865.93,687.9,703.7,778.7,171.8
866.24,684.8,695.5,767.4,171.9
866.55,677.8,690.1,777.1,172.5
866.86,677.4,683.8,767.9,170.6
867.17,677,686.8,767.7,171.6
867.48,674.8,686.1,763.3,170.2
867.8,679.5,690,761.2,171.6
868.11,669.8,676.1,756.2,170.1
868.42,675.5,680.1,759.9,170.9
868.73,673.9,676,756.6,170.2
869.04,671.2,670.4,753.7,168.9
869.35,670.3,666.7,746.1,168.8
869.66,665.3,665.8,744.5,169.6
869.97,658.1,663.3,741.7,171.4
870.28,662.5,673.7,745.8,171.2
870.6,654.5,665.2,740.4,168.8
870.91,649.5,660.3,742.7,167.3
871.22,645.3,651.4,738.9,168.9
871.53,640.7,651.6,731.6,168
871.84,634.6,649.5,726.4,169.4
872.15,633.2,651.5,723.3,168.4
872.46,626,641.2,709.7,167.3
872.77,627.6,638.3,711.5,168
873.08,633.9,640.7,721.7,168.5
873.39,629.5,636.4,716.8,168.5
873.7,621.2,635.8,701,166.3
874.01,620.1,637.9,707.9,167.4
874.32,615.9,632.4,700.2,165.5
874.63,605.4,630,686.8,165
874.94,606.1,628.6,688.2,166.9
875.25,609,625.2,687.2,167.3
875.56,608.7,615.5,679.8,165.9
875.87,606.2,612.9,682.4,165.5
876.18,606.1,608.3,680.7,166.1
876.49,612.5,611.3,684,165.8
876.8,608.5,611.3,677.3,166.3
877.11,604.2,610.5,674,166.2
877.42,604.3,609.3,676.8,165.9
877.73,596.5,607.6,667.2,164.8
878.04,602.2,605.2,667.1,163.9
878.35,593.2,598.6,662.7,164.7
878.66,596.8,604.1,672.1,166.2
878.97,593.6,597.6,670.9,166.8
879.28,597.2,593.7,676.9,165
879.59,588.8,593.6,664.9,164.5
879.9,585.3,592.2,659.5,164.2
880.21,579.8,590.4,649.7,164.1
880.52,574.8,586.6,642.2,164.6
880.83,582.8,587.8,653.6,165.1
881.14,579,580,645.2,164
881.45,580.7,578.3,640,163.8
881.76,585.6,585.6,649.2,163.9
882.06,582.1,586,648.8,163.9
882.37,580.8,583.3,649.6,162.6
882.68,583.6,586.4,652.3,165.5
882.99,573.9,580.6,650.9,163
883.3,573,580.3,656.8,164.2
883.61,573,584.5,646.7,163.8
883.92,575.4,577.1,642.8,163.1
884.23,578,578.6,643.8,162.8
884.54,574.6,578.6,648.3,162.9
884.84,575,574.4,648.8,162.5
885.15,575.9,572.9,656.5,164.4
885.46,578,576.6,647.5,161.5
885.77,579.3,575.4,647.5,163
886.08,575.7,575.9,651.9,162.8
886.39,575.1,573,643.7,162.8
886.69,583.5,578.7,657,163.5
887,577.3,576.6,650,163.7
887.31,575.4,574.5,651.9,163.6
887.62,571.8,572.7,644.8,162.9
887.93,578.4,577.2,643.4,164.1
888.23,576.4,567.7,641.3,163.1
888.54,577.4,571.6,652.2,162.5
888.85,568.9,568.8,644.6,162.5
889.16,570.9,573.1,649.3,162.4
889.47,571.8,569.8,647.4,162.4
889.77,567.5,566.9,648.3,161.7
890.08,571.2,572.8,648.7,162.1
890.39,570.3,568.7,644.4,163
890.7,572.8,568.9,649.3,163.9
891,573.9,569.1,653.2,163.7
891.31,567.8,568.2,642.2,164.4
891.62,578.6,566.5,651,162.7
891.93,572.8,565,650,164.1
892.23,570.7,564.9,649.6,164.2
892.54,575,567,648.4,163
892.85,574.1,566.6,654.4,164
893.16,575.2,566,649.7,163.4
893.46,570.8,566.2,644.5,162.4
893.77,582.3,577.2,651,163.8
894.08,564.7,562.9,638.2,162.1
894.38,568.7,567.6,648.1,162.8
894.69,566.1,563.6,654.6,164.7
895,570.1,562.8,662,163.9
895.3,574.8,562.2,659.9,162.8
895.61,575.8,563.2,661.1,163.5
895.92,574.6,559.4,654.1,164.3
896.22,568,559.9,650.5,163.4
896.53,571.1,567.4,652.3,161.7
896.84,566.1,568.1,652,161.6
897.14,574.1,570.3,653.1,163.7
897.45,574.7,568,648.3,164
897.76,566.1,558.6,646.2,163
898.06,569.8,567.1,651.9,163.1
898.37,566.6,564.8,644.2,161.2
898.68,571,560.5,652.1,162.1
898.98,570.4,560.7,646.2,161.3
899.29,571.2,562.7,646.7,163.1
899.59,578.3,564.7,651.9,161.5
899.9,575.8,562.5,649,163.3
900.21,571.8,556.6,660,161.8
900.51,569.1,555.6,655.6,161.7
900.82,565.6,553.4,640.5,162.5
901.12,574.2,562.5,639.3,162.7
901.43,569.4,557,640.5,162.8
901.73,567.8,556.4,637.8,163.5
902.04,567.2,553.7,639.1,164.5
902.35,569.7,554.8,638,161.9
902.65,561.5,552.6,640.3,161
902.96,573.2,556.6,641,161.1
903.26,571.9,555.6,649.1,161.2
903.57,568.1,551.1,635.5,162.6
903.87,571.1,554.5,635.4,161.6
904.18,568.4,556.5,634.3,163
904.48,557.8,550.5,632.4,163.8
904.79,564.4,555.7,645.6,162.3
905.09,557.9,546.5,636.5,162.4
905.4,559.6,551.5,637.8,162.3
905.7,557.7,545.6,633.8,162.2
906.01,559.1,547.5,631.7,161.4
906.31,555.6,543.1,626.1,162.7
906.62,553.6,544.6,629.4,163
906.92,556.6,542.3,638.6,162.1
907.23,551.2,532.4,628,160.4
907.53,554.6,538.1,632.8,162.2
907.84,555.2,544.8,628.4,161.5
908.14,554.7,543.9,631.6,162.2
908.45,555.2,540,624.9,162.1
908.75,550.7,541.6,623.1,162.7
909.05,553.7,539.5,618.5,159.4
909.36,549.8,535.6,619.4,162.3
909.66,547.8,530.1,614.4,162.1
909.97,539.5,530.9,622.1,159.8
910.27,533.4,526.8,619,160.7
910.58,536.9,527.7,613.7,160.2
910.88,547.7,529.2,614.7,160.8
911.18,548,524.4,604.5,160.6
911.49,550,524.2,600.8,160.3
911.79,544,529.2,598.8,158.4
912.1,537.5,529.2,604.2,159.1
912.4,539.5,530.1,594.1,161
912.7,541.5,522.9,593.5,159.8
913.01,535.8,519.7,594.9,160.4
913.31,533.9,520.2,601.8,159.9
913.61,525.5,514.5,592.7,159.4
913.92,524.1,518.6,592.8,160.4
914.22,531,522.7,601.7,161.6
914.52,525.5,515.7,592.3,159
914.83,522.5,512.2,589,158.6
915.13,513.4,512,589,159.8
915.44,520.4,509.9,591.7,161.1
915.74,523.1,511.8,594.3,159
916.04,525.4,504.5,589.7,159.1
916.34,517.8,502.7,582.3,160.2
916.65,521.3,504.7,578,159
916.95,522.4,501.2,576.9,158.9
917.25,514.6,501.2,574.1,159.5
917.56,511.7,494.2,570.6,158.9
917.86,513.7,495,574.4,158.7
918.16,509.4,496.3,573.6,158.6
918.46,506.7,490,563.8,159.4
918.77,507.7,493,565.6,158.7
919.07,505.6,486.3,561.7,158.1
919.37,505.3,488.4,555.9,159.2
919.68,512.8,490.9,568.6,157.5
919.98,509.8,489.5,568.3,157.7
920.28,508.8,492.7,570.4,160
920.58,504.7,490.5,568.5,158
920.89,502.8,481.7,566.5,158.7
921.19,496.9,481.3,562.8,157.3
921.49,489.3,479.7,558.6,157.5
921.79,495.4,482,558,156.5
922.09,494.4,482.8,559.3,158.8
922.4,488.8,473.6,557.3,157.2
922.7,489.6,477,560.8,158.5
923,482.7,470.9,551.3,156.9
923.3,487.6,471.9,550.2,156.8
923.6,484.7,469.6,543.1,158.2
923.91,482.3,465.3,539.6,156.6
924.21,482.1,465.9,540.1,156.9
924.51,480.3,464.6,539.2,156.4
924.81,478.8,459.8,541.6,157.2
925.11,479.3,457.5,539.3,155.4
925.41,476.2,454.1,530.7,157.5
925.71,474.1,455.1,534.6,155
926.02,477.4,455.1,530.9,155.1
926.32,471.9,453.6,529.6,154.8
926.62,463.5,452.1,527.8,154.3
926.92,464.9,453.9,529.4,155.4
927.22,468.2,450,527.8,155.3
927.52,464.9,444.7,530.6,155.7
927.82,463.4,449.3,526.6,156.2
928.12,458,443.6,525.9,155.5
928.43,455.4,441.1,520.1,155.7
928.73,455.2,433.3,515.3,156
929.03,457.2,436.2,517.6,155.5
929.33,454.2,436.7,519.1,153.9
929.63,455.3,431.6,514.4,154.1
929.93,451.3,430.1,512.6,154.4
930.23,448.4,430.6,511.6,154.5
930.53,444.6,428,514.4,154.4
930.83,452,424.5,521.8,155.8
931.13,448.1,429.4,521.4,155
931.43,446,429,517.2,154.3
931.73,443,424.1,501.4,154
932.03,443.2,419.4,501.1,154.7
932.33,442.7,417.9,501.1,153.9
932.63,444.5,420.1,499.2,153.7
932.93,441,419.1,496.7,153.7
933.23,439.1,415.5,491.1,153.2
933.53,435,415.7,490.6,153.1
933.83,438,411.6,490,153.9
934.13,439.8,405,497.1,154.4
934.43,438.5,407.2,493.5,153.6
934.73,431.7,407,495.3,153
935.03,430.4,408.5,488.9,151.9
935.33,432.5,406.9,494.8,152.4
935.63,431.6,404.6,496.1,153.3
935.93,430.2,397,494.6,151.6
936.23,427.5,395.6,492.6,153
936.53,425.4,392,491.2,150.9
936.83,422.4,389.2,489.5,151.5
937.13,422.8,391.6,491.9,152.5
937.43,421.8,390,483.4,152.8
937.73,418.7,391.7,483.5,151.2
938.03,415.6,390.4,475.3,152.1
938.33,412.7,384.9,470.8,151.4
938.63,418.8,381.1,466.3,151.4
938.93,416.4,377.7,464,152.9
939.22,415.9,377.8,466.3,150.7
939.52,413.7,378.6,462.6,151.5
939.82,406.1,373.2,460.6,150
940.12,401.9,375.3,460.4,153.3
940.42,402.1,372.9,461.9,150.4
940.72,401.3,372.4,467.5,150.3
941.02,397.3,367,463.4,150.6
941.32,395.7,367.2,460.5,150.3
941.62,396.5,367.2,458.8,150.2
941.91,396.7,367.8,457.7,150
942.21,395.5,363.6,455.2,150.6
942.51,397.4,362.2,449.7,150.5
942.81,393.8,359.9,450.2,149.8
943.11,389.5,361.8,457.8,151.1
943.41,389,357.5,451.5,149
943.7,391.2,357.7,453.9,149.5
944,387.4,354.4,447.3,150.9
944.3,382,353.3,441.9,150.4
944.6,383.9,352.4,442.3,149.7
944.9,380.8,347.7,441.3,150.3
945.19,381.4,347.7,439.3,148.9
945.49,380.4,347,438.1,147.7
945.79,377.1,342.7,437.2,150.1
946.09,374.6,340.5,433,147.8
946.39,372.1,340.3,430.4,149.4
946.68,369.3,337,431.6,150.7
946.98,365.8,337.4,425.7,148.9
947.28,368,338.2,425.6,147.8
947.58,370.7,336.3,420.7,149.9
947.87,369.8,333,422.3,149.3
948.17,370.6,332.2,422.4,147.6
948.47,372,330.1,417.1,148.3
948.76,367.3,327.1,411,147
949.06,364.7,325,408,147.5
949.36,361,323.3,409.8,147.6
949.66,361.5,320.7,407,147.2
949.95,359.6,320,410.3,146.1
950.25,353.4,316.6,408.5,146.2
950.55,360.2,315.2,406.2,146.5
950.84,360.9,311.8,403.3,146.6
951.14,363.5,311.3,402.3,148.3
951.44,354.3,309.8,396.7,147.2
951.73,352.6,307.2,396.8,145.8
952.03,348.2,307.2,396.9,144.6
952.33,347.4,303.2,395.5,146.2
952.62,346.1,302.9,398.7,146.8
952.92,344.9,304.6,397.9,145.6
953.22,346.3,301,396.5,147.4
953.51,342.5,297.7,391.3,145.9
953.81,346.6,299.4,389.5,146
954.11,345.4,295.6,391.4,144.8
954.4,340.8,293.9,390.8,146.9
954.7,337.9,292.1,388.5,146.1
955,335,287.7,384.6,146.2
955.29,336,286.9,379.6,145.3
955.59,330.3,284.8,374.6,143.8
955.88,331.3,288.4,375.8,145.2
956.18,330.9,284,374.5,145.2
956.47,328.9,281.4,374,145
956.77,331,277.8,373.7,145.8
957.07,327.4,277.1,371.4,144.8
957.36,329.8,275,371.2,146
957.66,329,275,366.4,145.3
957.95,328.7,274.2,368.7,144.3
958.25,321.3,273.3,367.5,144.4
958.54,319.8,269.4,368.1,145.7
958.84,321.3,271.5,366.4,143.9
959.14,321,270,367,143
959.43,317.1,269,356.5,143.2
959.73,316.7,269.2,359.6,143.8
960.02,315.2,265.1,360.4,144.5
960.32,312.3,266,355.3,144.5
960.61,314.9,263.9,346.1,143.4
960.91,313.2,262.1,344.8,143
961.2,309.5,261,339,143.1
961.5,310.8,261.2,337.8,145
961.79,308,259.6,337.6,142.9
962.09,308,261,337.7,143.8
962.38,305.3,257.2,335.5,143.2
962.68,304.6,259.1,334.1,141.1
962.97,303.7,255,334.7,142.1
963.26,304.7,256.4,333.9,142.6
963.56,305,258.3,333.7,143.2
963.85,299.5,253.9,329.7,142.2
964.15,297.5,251.5,327,143.3
964.44,297,253.2,327.5,142.4
964.74,296.6,251.1,321,142.5
965.03,297,248.7,324.2,144.4
965.32,293,248.6,323.8,142.1
965.62,293.3,247.6,322.3,143.1
965.91,289.9,247.2,318.5,143
966.21,292.5,246,314.8,142.2
966.5,291,245.4,311.3,143.3
966.79,288.4,243.8,311.6,141.3
967.09,290.3,245.5,311.3,143.2
967.38,286.9,242.3,308.9,142.1
967.68,288.9,242,307.9,142.3
967.97,287.5,242.6,302.4,140.6
968.26,286,239.4,299,141
968.56,283.5,241.4,299.7,142.7
968.85,279.9,238.1,294.1,142.1
969.14,279.8,239.4,295.6,141.8
969.44,275.1,237.4,292.5,142.1
969.73,276.1,235.7,288.9,142.4
970.02,274.4,235.6,289.4,141.5
970.32,272.9,237.6,290.1,141.5
970.61,273.5,237.2,292.6,141.2
970.9,269.2,233.2,285.9,141.2
971.2,271.3,234.2,286.3,141.2
971.49,271.4,233.7,287.3,140.7
971.78,275.6,234.3,286.9,141
972.08,271.2,233.9,285.4,141.4
972.37,269.5,232,282.6,141.9
972.66,266,230.4,281.2,142.4
972.95,264.6,230.5,279.8,141
973.25,267.1,229,277.8,141.6
973.54,263.2,232.3,276.2,142
973.83,263.2,227,271.7,140.6
974.12,263.4,226.3,272.1,139
974.42,262.4,228.1,269.8,140.4
974.71,261.1,228.2,268.2,141.9
975,259.9,227.1,267,142.2
975.29,260.8,226.8,268.4,141.1
975.59,258.3,224.2,266.2,141.8
975.88,257.7,222.3,262.1,141.9
976.17,258.3,223.2,263.8,140.6
976.46,256.5,221,261.7,140.7
976.75,252.3,222.7,260.3,141.3
977.05,252.9,221.5,261.3,140.7
977.34,252.7,221.3,256.8,141.2
977.63,252.6,221.8,256.1,140.6
977.92,252.5,220.1,258,141.1
978.21,250.6,219.2,256.5,140.7
978.51,252.4,217.2,253.1,140.7
978.8,248.1,218.5,252.7,140.5
979.09,246.7,216.6,250.4,139.5
979.38,244.1,218.8,250.6,140.4
979.67,243.2,215.8,248.8,140.3
979.96,244.1,215.4,246.7,140.4
980.25,244.1,215.2,245.5,139.5
980.55,243.8,216.1,246.6,140.4
980.84,244.7,212,243.1,139.7
981.13,240.5,211.5,238.6,140.6
981.42,242.7,215.1,240.1,140.5
981.71,239.8,210.3,237.2,139.7
982,240.5,210.8,241.4,140.6
982.29,239.6,210,238.4,140.1
982.58,236.5,211.8,239.7,140.6
982.87,235.2,210.8,236.9,139.3
983.17,236.1,210.8,237.3,138.4
983.46,235.3,211.7,235.5,139.1
983.75,233.4,210.6,232.4,139.9
984.04,233.5,207.3,230.9,141.3
984.33,232.6,209.4,230.5,141.3
984.62,231,208.1,229.5,139.1
984.91,229.3,207.3,227.8,139.1
985.2,229.6,207.5,226.2,139.8
985.49,228.3,204,223.5,139.8
985.78,230,206.4,224.8,140.3
986.07,230.6,207,225.2,139.3
986.36,226.6,203.2,224,139.6
986.65,225.2,202.3,222.1,139.2
986.94,226.3,203.9,221.7,139
987.23,225.3,204.4,220.7,140.1
987.52,223.5,204.2,218.9,140.5
987.81,223.4,201.8,220.8,140.2
988.1,221.7,201.8,217.6,139.4
988.39,219.9,201,215.9,140
988.68,218.6,199.3,215.3,140.4
988.97,220.6,201.7,214.3,138.5
989.26,222.7,201.1,213.1,138.6
989.55,218.8,200.7,213.2,139.1
989.84,218.5,200.4,212,138.8
990.13,217.8,200.3,212,138.8
990.42,217.7,200.5,212.7,139.7
990.71,215.8,198.8,209.7,138.6
990.99,215.4,197.9,211.2,139.4
991.28,215.7,197.5,209.3,137.8
991.57,212.6,198.6,209.3,138.5
991.86,211.4,196.3,205.7,139.1
992.15,210.9,198.3,204.3,138.9
992.44,210,196.2,203.6,141
992.73,210.7,198.2,203.2,138.7
993.02,210.9,195.2,203.3,139.6
993.31,208.4,196.8,201.8,139.5
993.6,207.5,195.4,201.3,138.6
993.88,209.6,196.1,202.7,139
994.17,208.9,195.3,201.1,138.7
994.46,210,194.3,201.3,138.2
994.75,209.4,194.8,199.8,139.7
995.04,206.3,194.7,198.9,138.6
995.33,206.8,193.3,198.4,138.2
995.62,204.1,194.3,199.4,138.8
995.9,205.4,193.2,199.1,137.7
996.19,204,192.3,199.5,139.3
996.48,203.3,190,197.8,137.7
996.77,202.1,189.1,197.5,138.3
997.06,204.1,192.4,195.9,137.7
997.34,201.8,189.6,195.6,137.8
997.63,201.7,192,194,139.1
997.92,199.3,190.2,194.4,138.4
998.21,200.2,189.6,190.6,139.1
998.5,199.5,189.4,191.5,138.6
998.78,198.5,189,192.3,137
999.07,198.7,186.8,189,137.2
999.36,199.4,188.2,188.6,139.5
999.65,198,189.8,188.8,138.5
999.93,193.8,188,189.2,139.3
1000.22,193.6,188.2,187.8,139.4
1000.51,195,186.6,187,137.9
1000.8,194.5,186.4,187.4,139.1
1001.08,194,184,187.4,138.5
1001.37,194,184.8,185.6,137.9
1001.66,194.5,185.4,184.5,139.7
1001.94,192.5,184.7,184.4,138.9
1002.23,192.6,185.6,184.3,139.2
1002.52,191.4,184.6,184.5,138.6
1002.81,191.2,187.2,182.4,138.7
1003.09,191.8,184,183.2,137.6
1003.38,188.4,184.6,180.7,137.4
1003.67,190.3,183.9,180.1,136.6
1003.95,188.5,183.7,181.8,137.5
1004.24,187.8,181.3,181,138.2
1004.53,187.2,183.9,181.3,137.8
1004.81,188.4,182.5,178.4,137.4
1005.1,188.4,181.5,177.8,138.5
1005.39,187.4,183.4,177.9,138.6
1005.67,184.7,181.9,176.8,137.2
1005.96,186.1,182,175.8,138.4
1006.24,186.4,181.6,175.6,137.7
1006.53,185,180.8,176.8,138.8
1006.82,185.8,179.6,176.7,138.1
1007.1,185.7,181.4,174.8,137
1007.39,182.9,180.4,175.2,138.8
1007.67,182.2,180.5,175.2,138.1
1007.96,182.1,178.6,175,138.1
1008.25,182,180,174,137.3
1008.53,181.1,179.4,172,137.7
1008.82,181.3,179.8,171.8,139
1009.1,179.2,179.8,171.7,137.3
1009.39,178.9,179.2,171.8,137.2
1009.68,180,179.3,171.8,138
1009.96,179.4,177.2,171.6,137.3
1010.25,179.1,176.9,170.4,137
1010.53,178.3,176.2,169.5,137.3
1010.82,179,177.6,168.7,136.9
1011.1,178.6,177.8,168.5,137.7
1011.39,178.7,177.5,170.1,137.4
1011.67,176.6,176,168.3,137.6
1011.96,177.2,176.5,168.7,137.6
1012.24,177.5,176.2,167.2,137.6
1012.53,175.8,175,166.5,136.7
1012.81,177.3,176.6,168.4,136.8
1013.1,176,176.2,168.2,136.3
1013.38,177.3,175,165.5,137.8
1013.67,176.1,175,167.5,137.2
1013.95,175.4,175.7,165,137
1014.24,175.1,175.9,167.3,137.1
1014.52,175,175,165.7,137.6
1014.81,172.5,173.5,164.5,137.4
1015.09,173.7,173.4,164.7,137
1015.37,173,173.2,164.9,137.4
1015.66,171.1,173.1,166,136.6
1015.94,172.1,173,162.9,138.1
1016.23,173.1,171.4,163.4,138
1016.51,171.4,172.3,165.4,136.9
1016.8,171.6,173.4,161.4,138.5
1017.08,170.5,170.5,162.9,137
1017.36,171.7,172,161.8,136.9
1017.65,170.8,170.9,163.3,137.8
1017.93,171.1,171.1,163.2,136.3
1018.22,170.1,172.3,160.2,137
1018.5,170.2,168.3,160.7,137.3
1018.78,169.8,170,159.6,136.5
1019.07,168.7,170.1,158.3,136.4
1019.35,169.4,168.3,158.9,136.1
1019.63,168.7,170.4,159.3,136.2
1019.92,166,169.8,160.5,135.8
1020.2,169.4,169.9,160.1,136.6
1020.48,166.5,168.8,160.9,136.5
1020.77,168,168.6,157.9,136.8
1021.05,166.4,169,158.4,136
1021.33,166.7,168.1,159.1,137.1
1021.62,166.3,168.5,159.2,136.8
1021.9,165.1,168.2,159,136.6
1022.18,165.9,168.1,158.4,137.3
