wavelength (nm),Spectral irradiance (W⋅m–2⋅nm–1),Cumulative photon flux (cm–2⋅s–1)
250,0,0
251,0,0
252,0,0
253,0,0
254,0,0
255,0,0
256,0,0
257,0,0
258,0,0
259,0,0
260,0,0
261,0,0
262,0,0
263,0,0
264,0,0
265,0,0
266,0,0
267,0,0
268,0,0
269,0,0
270,0,0
271,0,0
272,0,0
273,0,0
274,0,0
275,0,0
276,0,0
277,0,0
278,0,0
279,0,0
280,4.72E-23,0.000000003324
281,4.214E-20,0.000005961
282,1.767E-18,0.0002566
283,1.916E-17,0.002984
284,9.913E-16,0.1446
285,1.524E-14,2.33
286,2.876E-13,43.72
287,4.299E-12,664.4
288,7.658E-11,11760
289,8.408E-10,134000
290,0.000000006943,1147000
291,0.00000004818,8200000
292,0.0000002678,47530000
293,0.000001103,210100000
294,0.000004288,844200000
295,0.00001472,3029000000
296,0.0000486,10270000000
297,0.0001125,27080000000
298,0.0002803,69100000000
299,0.0005493,151700000000
300,0.001015,304800000000
301,0.001925,596300000000
302,0.0032,1083000000000
303,0.006875,2131000000000
304,0.009925,3649000000000
305,0.01585,6081000000000
306,0.01918,9033000000000
307,0.02803,13360000000000
308,0.03805,19260000000000
309,0.04133,25680000000000
310,0.05253,33870000000000
311,0.07863,46180000000000
312,0.09218,60640000000000
313,0.1049,77170000000000
314,0.1188,95930000000000
315,0.13,116500000000000
316,0.1285,137000000000000
317,0.1685,163800000000000
318,0.1793,192500000000000
319,0.197,224100000000000
320,0.2125,258300000000000
321,0.2458,298000000000000
322,0.2243,334300000000000
323,0.2223,370500000000000
324,0.27,414500000000000
325,0.2903,461900000000000
326,0.3723,523000000000000
327,0.396,588100000000000
328,0.3638,648200000000000
329,0.42,717700000000000
330,0.4585,793800000000000
331,0.412,862400000000000
332,0.4313,934400000000000
333,0.425,1006000000000000
334,0.4195,1076000000000000
335,0.4555,1153000000000000
336,0.4153,1223000000000000
337,0.3815,1288000000000000
338,0.4298,1361000000000000
339,0.4628,1440000000000000
340,0.493,1524000000000000
341,0.4768,1606000000000000
342,0.4875,1690000000000000
343,0.5043,1777000000000000
344,0.4303,1851000000000000
345,0.4515,1930000000000000
346,0.4813,2013000000000000
347,0.4865,2098000000000000
348,0.4763,2182000000000000
349,0.4718,2265000000000000
350,0.5238,2357000000000000
351,0.5488,2454000000000000
352,0.5123,2544000000000000
353,0.5243,2637000000000000
354,0.5968,2744000000000000
355,0.6048,2852000000000000
356,0.5528,2951000000000000
357,0.4723,3036000000000000
358,0.4293,3113000000000000
359,0.4745,3199000000000000
360,0.58,3304000000000000
361,0.5275,3399000000000000
362,0.5393,3498000000000000
363,0.5918,3606000000000000
364,0.5983,3715000000000000
365,0.6318,3831000000000000
366,0.721,3964000000000000
367,0.7208,4097000000000000
368,0.675,4222000000000000
369,0.6965,4351000000000000
370,0.7325,4488000000000000
371,0.6953,4618000000000000
372,0.6763,4744000000000000
373,0.6078,4858000000000000
374,0.5543,4962000000000000
375,0.5943,5075000000000000
376,0.6645,5200000000000000
377,0.7185,5337000000000000
378,0.833,5495000000000000
379,0.7453,5637000000000000
380,0.703,5771000000000000
381,0.7398,5913000000000000
382,0.5905,6027000000000000
383,0.4633,6116000000000000
384,0.5168,6216000000000000
385,0.6495,6342000000000000
386,0.631,6464000000000000
387,0.646,6590000000000000
388,0.6345,6714000000000000
389,0.6885,6849000000000000
390,0.7873,7003000000000000
391,0.84,7168000000000000
392,0.777,7321000000000000
393,0.4993,7420000000000000
394,0.5125,7522000000000000
395,0.7875,7678000000000000
396,0.7288,7823000000000000
397,0.5068,7925000000000000
398,0.832,8091000000000000
399,1.06,8304000000000000
400,1.114,8528000000000000
401,1.159,8762000000000000
402,1.19,9003000000000000
403,1.168,9.239E+015
404,1.174,9.478E+015
405,1.15,9.712E+015
406,1.121,9.941E+015
407,1.109,1.017E+016
408,1.154,1.041E+016
409,1.198,1.065E+016
410,1.088,1.088E+016
411,1.164,1.112E+016
412,1.225,1.137E+016
413,1.195,1.162E+016
414,1.186,1.187E+016
415,1.22,1.212E+016
416,1.251,1.238E+016
417,1.226,1.264E+016
418,1.184,1.289E+016
419,1.201,1.314E+016
420,1.151,1.339E+016
421,1.249,1.365E+016
422,1.248,1.391E+016
423,1.215,1.417E+016
424,1.215,1.443E+016
425,1.24,1.47E+016
426,1.21,1.496E+016
427,1.176,1.521E+016
428,1.168,1.546E+016
429,1.074,1.569E+016
430,0.8893,1.588E+016
431,0.868,1.607E+016
432,1.243,1.634E+016
433,1.229,1.661E+016
434,1.156,1.686E+016
435,1.241,1.713E+016
436,1.349,1.743E+016
437,1.365,1.773E+016
438,1.235,1.8E+016
439,1.199,1.827E+016
440,1.325,1.856E+016
441,1.344,1.886E+016
442,1.411,1.917E+016
443,1.433,1.949E+016
444,1.413,1.981E+016
445,1.434,2.013E+016
446,1.351,2.043E+016
447,1.469,2.076E+016
448,1.499,2.11E+016
449,1.508,2.144E+016
450,1.559,2.179E+016
451,1.595,2.216E+016
452,1.535,2.25E+016
453,1.456,2.284E+016
454,1.516,2.318E+016
455,1.528,2.353E+016
456,1.565,2.389E+016
457,1.575,2.425E+016
458,1.551,2.461E+016
459,1.531,2.496E+016
460,1.529,2.532E+016
461,1.574,2.568E+016
462,1.59,2.605E+016
463,1.593,2.642E+016
464,1.554,2.679E+016
465,1.536,2.715E+016
466,1.548,2.751E+016
467,1.508,2.786E+016
468,1.551,2.823E+016
469,1.553,2.859E+016
470,1.511,2.895E+016
471,1.536,2.932E+016
472,1.593,2.969E+016
473,1.559,3.006E+016
474,1.565,3.044E+016
475,1.598,3.082E+016
476,1.568,3.12E+016
477,1.575,3.157E+016
478,1.61,3.196E+016
479,1.596,3.235E+016
480,1.608,3.273E+016
481,1.611,3.312E+016
482,1.616,3.352E+016
483,1.599,3.39E+016
484,1.573,3.429E+016
485,1.525,3.466E+016
486,1.325,3.498E+016
487,1.416,3.533E+016
488,1.514,3.57E+016
489,1.483,3.607E+016
490,1.591,3.646E+016
491,1.558,3.684E+016
492,1.504,3.722E+016
493,1.571,3.76E+016
494,1.566,3.799E+016
495,1.619,3.84E+016
496,1.574,3.879E+016
497,1.581,3.919E+016
498,1.555,3.958E+016
499,1.549,3.996E+016
500,1.535,4.035E+016
501,1.496,4.073E+016
502,1.499,4.111E+016
503,1.538,4.149E+016
504,1.478,4.187E+016
505,1.554,4.226E+016
506,1.604,4.267E+016
507,1.554,4.307E+016
508,1.524,4.346E+016
509,1.566,4.386E+016
510,1.549,4.426E+016
511,1.571,4.466E+016
512,1.594,4.507E+016
513,1.526,4.546E+016
514,1.491,4.585E+016
515,1.525,4.625E+016
516,1.504,4.664E+016
517,1.318,4.698E+016
518,1.411,4.735E+016
519,1.413,4.772E+016
520,1.505,4.811E+016
521,1.533,4.851E+016
522,1.545,4.892E+016
523,1.496,4.931E+016
524,1.573,4.972E+016
525,1.568,5.014E+016
526,1.511,5.054E+016
527,1.388,5.091E+016
528,1.515,5.131E+016
529,1.584,5.173E+016
530,1.558,5.215E+016
531,1.608,5.258E+016
532,1.58,5.3E+016
533,1.456,5.339E+016
534,1.519,5.38E+016
535,1.556,5.422E+016
536,1.595,5.465E+016
537,1.516,5.506E+016
538,1.555,5.548E+016
539,1.529,5.589E+016
540,1.479,5.629E+016
541,1.444,5.669E+016
542,1.53,5.71E+016
543,1.53,5.752E+016
544,1.56,5.795E+016
545,1.541,5.837E+016
546,1.525,5.879E+016
547,1.533,5.921E+016
548,1.511,5.963E+016
549,1.543,6.005E+016
550,1.54,6.048E+016
551,1.536,6.091E+016
552,1.559,6.134E+016
553,1.53,6.176E+016
554,1.548,6.22E+016
555,1.555,6.263E+016
556,1.529,6.306E+016
557,1.5,6.348E+016
558,1.514,6.39E+016
559,1.455,6.431E+016
560,1.478,6.473E+016
561,1.539,6.516E+016
562,1.498,6.559E+016
563,1.529,6.602E+016
564,1.515,6.645E+016
565,1.508,6.688E+016
566,1.454,6.729E+016
567,1.515,6.772E+016
568,1.509,6.815E+016
569,1.484,6.858E+016
570,1.474,6.9E+016
571,1.446,6.942E+016
572,1.501,6.985E+016
573,1.518,7.029E+016
574,1.506,7.072E+016
575,1.474,7.115E+016
576,1.466,7.157E+016
577,1.489,7.2E+016
578,1.459,7.243E+016
579,1.471,7.286E+016
580,1.496,7.329E+016
581,1.504,7.373E+016
582,1.528,7.418E+016
583,1.539,7.463E+016
584,1.539,7.508E+016
585,1.526,7.553E+016
586,1.499,7.598E+016
587,1.513,7.642E+016
588,1.469,7.686E+016
589,1.325,7.725E+016
590,1.371,7.766E+016
591,1.445,7.809E+016
592,1.436,7.851E+016
593,1.446,7.895E+016
594,1.44,7.938E+016
595,1.436,7.981E+016
596,1.465,8.024E+016
597,1.469,8.069E+016
598,1.461,8.113E+016
599,1.461,8.157E+016
600,1.466,8.201E+016
601,1.45,8.245E+016
602,1.436,8.288E+016
603,1.46,8.332E+016
604,1.486,8.378E+016
605,1.489,8.423E+016
606,1.483,8.468E+016
607,1.488,8.514E+016
608,1.48,8.559E+016
609,1.47,8.604E+016
610,1.461,8.649E+016
611,1.463,8.694E+016
612,1.475,8.739E+016
613,1.456,8.784E+016
614,1.424,8.828E+016
615,1.458,8.873E+016
616,1.433,8.918E+016
617,1.419,8.962E+016
618,1.455,9.007E+016
619,1.469,9.053E+016
620,1.471,9.098E+016
621,1.471,9.144E+016
622,1.426,9.189E+016
623,1.411,9.233E+016
624,1.409,9.277E+016
625,1.401,9.322E+016
626,1.405,9.366E+016
627,1.425,9.411E+016
628,1.376,9.454E+016
629,1.401,9.499E+016
630,1.395,9.543E+016
631,1.401,9.587E+016
632,1.378,9.631E+016
633,1.435,9.677E+016
634,1.426,9.722E+016
635,1.434,9.768E+016
636,1.42,9.813E+016
637,1.455,9.86E+016
638,1.468,9.907E+016
639,1.458,9.954E+016
640,1.434,1E+017
641,1.43,1.005E+017
642,1.433,1.009E+017
643,1.446,1.014E+017
644,1.443,1.019E+017
645,1.444,1.023E+017
646,1.414,1.028E+017
647,1.4,1.032E+017
648,1.386,1.037E+017
649,1.356,1.041E+017
650,1.369,1.046E+017
651,1.423,1.051E+017
652,1.394,1.055E+017
653,1.421,1.06E+017
654,1.405,1.064E+017
655,1.336,1.069E+017
656,1.209,1.073E+017
657,1.25,1.077E+017
658,1.364,1.081E+017
659,1.39,1.086E+017
660,1.398,1.091E+017
661,1.39,1.095E+017
662,1.381,1.1E+017
663,1.381,1.105E+017
664,1.393,1.109E+017
665,1.416,1.114E+017
666,1.419,1.119E+017
667,1.411,1.123E+017
668,1.414,1.128E+017
669,1.434,1.133E+017
670,1.421,1.138E+017
671,1.409,1.143E+017
672,1.395,1.147E+017
673,1.406,1.152E+017
674,1.4,1.157E+017
675,1.394,1.161E+017
676,1.406,1.166E+017
677,1.401,1.171E+017
678,1.399,1.176E+017
679,1.391,1.181E+017
680,1.39,1.185E+017
681,1.39,1.19E+017
682,1.389,1.195E+017
683,1.38,1.2E+017
684,1.371,1.204E+017
685,1.366,1.209E+017
686,1.297,1.213E+017
687,1.031,1.217E+017
688,1.101,1.221E+017
689,1.128,1.225E+017
690,1.179,1.229E+017
691,1.229,1.233E+017
692,1.264,1.238E+017
693,1.259,1.242E+017
694,1.246,1.246E+017
695,1.265,1.251E+017
696,1.271,1.255E+017
697,1.328,1.26E+017
698,1.319,1.264E+017
699,1.293,1.269E+017
700,1.279,1.273E+017
701,1.263,1.278E+017
702,1.261,1.282E+017
703,1.273,1.287E+017
704,1.299,1.291E+017
705,1.316,1.296E+017
706,1.311,1.301E+017
707,1.309,1.305E+017
708,1.303,1.31E+017
709,1.309,1.315E+017
710,1.31,1.319E+017
711,1.309,1.324E+017
712,1.3,1.329E+017
713,1.293,1.333E+017
714,1.294,1.338E+017
715,1.266,1.343E+017
716,1.248,1.347E+017
717,1.113,1.351E+017
718,1.025,1.355E+017
719,0.9424,1.358E+017
720,0.9874,1.362E+017
721,1.088,1.366E+017
722,1.208,1.37E+017
723,1.141,1.374E+017
724,1.06,1.378E+017
725,1.046,1.382E+017
726,1.075,1.386E+017
727,1.075,1.39E+017
728,1.045,1.394E+017
729,1.051,1.398E+017
730,1.111,1.402E+017
731,1.088,1.406E+017
732,1.145,1.41E+017
733,1.19,1.414E+017
734,1.223,1.419E+017
735,1.211,1.423E+017
736,1.201,1.428E+017
737,1.203,1.432E+017
738,1.214,1.437E+017
739,1.198,1.441E+017
740,1.215,1.446E+017
741,1.211,1.45E+017
742,1.214,1.455E+017
743,1.238,1.459E+017
744,1.249,1.464E+017
745,1.249,1.469E+017
746,1.241,1.473E+017
747,1.24,1.478E+017
748,1.239,1.483E+017
749,1.231,1.487E+017
750,1.23,1.492E+017
751,1.23,1.497E+017
752,1.229,1.501E+017
753,1.224,1.506E+017
754,1.236,1.511E+017
755,1.23,1.515E+017
756,1.221,1.52E+017
757,1.221,1.524E+017
758,1.224,1.529E+017
759,1.079,1.533E+017
760,0.3668,1.535E+017
761,0.2344,1.536E+017
762,0.581,1.538E+017
763,0.4364,1.539E+017
764,0.5355,1.542E+017
765,0.6816,1.544E+017
766,0.8159,1.547E+017
767,0.9685,1.551E+017
768,1.094,1.555E+017
769,1.124,1.56E+017
770,1.156,1.564E+017
771,1.169,1.569E+017
772,1.17,1.573E+017
773,1.17,1.578E+017
774,1.17,1.582E+017
775,1.171,1.587E+017
776,1.178,1.591E+017
777,1.171,1.596E+017
778,1.17,1.601E+017
779,1.169,1.605E+017
780,1.161,1.61E+017
781,1.16,1.614E+017
782,1.16,1.619E+017
783,1.159,1.623E+017
784,1.153,1.628E+017
785,1.159,1.633E+017
786,1.158,1.637E+017
787,1.141,1.642E+017
788,1.13,1.646E+017
789,1.118,1.651E+017
790,1.095,1.655E+017
791,1.098,1.659E+017
792,1.09,1.664E+017
793,1.083,1.668E+017
794,1.089,1.672E+017
795,1.088,1.677E+017
796,1.075,1.681E+017
797,1.09,1.685E+017
798,1.105,1.69E+017
799,1.09,1.694E+017
800,1.074,1.698E+017
801,1.079,1.703E+017
802,1.078,1.707E+017
803,1.065,1.711E+017
804,1.074,1.716E+017
805,1.059,1.72E+017
806,1.084,1.724E+017
807,1.081,1.729E+017
808,1.076,1.733E+017
809,1.054,1.738E+017
810,1.05,1.742E+017
811,1.046,1.746E+017
812,1.023,1.75E+017
813,0.9976,1.754E+017
814,0.9136,1.758E+017
815,0.8861,1.762E+017
816,0.8403,1.765E+017
817,0.843,1.769E+017
818,0.834,1.772E+017
819,0.8871,1.776E+017
820,0.8815,1.779E+017
821,0.9723,1.783E+017
822,0.92,1.787E+017
823,0.7384,1.79E+017
824,0.9038,1.794E+017
825,0.9581,1.798E+017
826,0.9419,1.802E+017
827,0.9588,1.806E+017
828,0.8739,1.809E+017
829,0.9153,1.813E+017
830,0.9158,1.817E+017
831,0.9164,1.821E+017
832,0.9034,1.825E+017
833,0.9434,1.829E+017
834,0.9425,1.833E+017
835,0.9876,1.837E+017
836,0.9788,1.841E+017
837,1.003,1.845E+017
838,0.998,1.849E+017
839,0.9993,1.854E+017
840,1.009,1.858E+017
841,1.008,1.862E+017
842,0.9968,1.866E+017
843,0.9971,1.871E+017
844,0.9885,1.875E+017
845,1.008,1.879E+017
846,1.015,1.883E+017
847,0.9929,1.888E+017
848,0.9883,1.892E+017
849,0.9723,1.896E+017
850,0.9126,1.9E+017
851,0.9613,1.904E+017
852,0.967,1.908E+017
853,0.9485,1.912E+017
854,0.8708,1.916E+017
855,0.9099,1.92E+017
856,0.9649,1.924E+017
857,0.9866,1.928E+017
858,0.989,1.933E+017
859,0.9885,1.937E+017
860,0.9854,1.941E+017
861,0.9851,1.945E+017
862,0.9918,1.95E+017
863,0.9945,1.954E+017
864,0.9768,1.958E+017
865,0.9479,1.962E+017
866,0.8694,1.966E+017
867,0.9101,1.97E+017
868,0.9495,1.974E+017
869,0.9504,1.978E+017
870,0.961,1.983E+017
871,0.9544,1.987E+017
872,0.9611,1.991E+017
873,0.9533,1.995E+017
874,0.9383,1.999E+017
875,0.929,2.003E+017
876,0.9471,2.008E+017
877,0.9523,2.012E+017
878,0.9484,2.016E+017
879,0.9364,2.02E+017
880,0.9328,2.024E+017
881,0.9129,2.028E+017
882,0.9266,2.032E+017
883,0.9278,2.036E+017
884,0.9311,2.041E+017
885,0.9359,2.045E+017
886,0.91,2.049E+017
887,0.9091,2.053E+017
888,0.92,2.057E+017
889,0.9291,2.061E+017
890,0.9226,2.065E+017
891,0.9206,2.069E+017
892,0.9038,2.073E+017
893,0.8726,2.077E+017
894,0.847,2.081E+017
895,0.8094,2.085E+017
896,0.7544,2.088E+017
897,0.6825,2.091E+017
898,0.6884,2.094E+017
899,0.5923,2.097E+017
900,0.6981,2.1E+017
901,0.6243,2.103E+017
902,0.6601,2.106E+017
903,0.7038,2.109E+017
904,0.8193,2.113E+017
905,0.8131,2.117E+017
906,0.7613,2.12E+017
907,0.6556,2.123E+017
908,0.6549,2.126E+017
909,0.6856,2.129E+017
910,0.6383,2.132E+017
911,0.6633,2.135E+017
912,0.6769,2.138E+017
913,0.6343,2.141E+017
914,0.6316,2.144E+017
915,0.657,2.147E+017
916,0.6068,2.15E+017
917,0.6918,2.153E+017
918,0.6264,2.156E+017
919,0.7194,2.159E+017
920,0.7459,2.163E+017
921,0.7635,2.166E+017
922,0.7136,2.17E+017
923,0.7344,2.173E+017
924,0.7208,2.176E+017
925,0.7093,2.18E+017
926,0.7125,2.183E+017
927,0.7499,2.187E+017
928,0.6079,2.189E+017
929,0.5399,2.192E+017
930,0.443,2.194E+017
931,0.3974,2.196E+017
932,0.307,2.197E+017
933,0.2414,2.198E+017
934,0.1695,2.199E+017
935,0.2255,2.2E+017
936,0.1724,2.201E+017
937,0.1674,2.202E+017
938,0.2201,2.203E+017
939,0.3823,2.205E+017
940,0.4486,2.207E+017
941,0.3875,2.209E+017
942,0.3841,2.211E+017
943,0.2946,2.212E+017
944,0.2944,2.213E+017
945,0.3351,2.215E+017
946,0.2376,2.216E+017
947,0.3359,2.218E+017
948,0.3126,2.219E+017
949,0.4223,2.221E+017
950,0.2321,2.222E+017
951,0.4134,2.224E+017
952,0.3041,2.226E+017
953,0.3436,2.227E+017
954,0.4026,2.229E+017
955,0.3488,2.231E+017
956,0.3215,2.233E+017
957,0.3009,2.234E+017
958,0.4254,2.236E+017
959,0.3896,2.238E+017
960,0.4184,2.24E+017
961,0.4525,2.242E+017
962,0.4513,2.244E+017
963,0.4903,2.247E+017
964,0.4685,2.249E+017
965,0.4963,2.251E+017
966,0.5011,2.254E+017
967,0.5196,2.256E+017
968,0.6356,2.259E+017
969,0.6734,2.263E+017
970,0.6493,2.266E+017
971,0.6989,2.269E+017
972,0.6791,2.273E+017
973,0.6113,2.276E+017
974,0.5796,2.278E+017
975,0.584,2.281E+017
976,0.5806,2.284E+017
977,0.6256,2.287E+017
978,0.6189,2.29E+017
979,0.629,2.293E+017
980,0.6206,2.296E+017
981,0.6949,2.3E+017
982,0.6898,2.303E+017
983,0.6784,2.307E+017
984,0.7204,2.31E+017
985,0.7,2.314E+017
986,0.7396,2.317E+017
987,0.738,2.321E+017
988,0.7353,2.325E+017
989,0.7431,2.328E+017
990,0.7348,2.332E+017
991,0.7481,2.336E+017
992,0.7475,2.339E+017
993,0.7389,2.343E+017
994,0.7496,2.347E+017
995,0.7499,2.351E+017
996,0.7463,2.354E+017
997,0.739,2.358E+017
998,0.737,2.362E+017
999,0.7358,2.366E+017
1000,0.7345,2.369E+017
1001,0.7389,2.373E+017
1002,0.7288,2.377E+017
1003,0.7299,2.38E+017
1004,0.7173,2.384E+017
1005,0.689,2.387E+017
1006,0.7089,2.391E+017
1007,0.7233,2.395E+017
1008,0.7241,2.398E+017
1009,0.7188,2.402E+017
1010,0.7176,2.406E+017
1011,0.72,2.409E+017
1012,0.7174,2.413E+017
1013,0.7165,2.417E+017
1014,0.717,2.42E+017
1015,0.708,2.424E+017
1016,0.7076,2.427E+017
1017,0.7034,2.431E+017
1018,0.7075,2.435E+017
1019,0.6914,2.438E+017
1020,0.6961,2.442E+017
1021,0.6981,2.445E+017
1022,0.6901,2.449E+017
1023,0.6919,2.452E+017
1024,0.6904,2.456E+017
1025,0.6949,2.46E+017
1026,0.6939,2.463E+017
1027,0.6915,2.467E+017
1028,0.6909,2.47E+017
1029,0.6856,2.474E+017
1030,0.6879,2.477E+017
1031,0.6856,2.481E+017
1032,0.6844,2.485E+017
1033,0.676,2.488E+017
1034,0.6778,2.492E+017
1035,0.6798,2.495E+017
1036,0.6791,2.499E+017
1037,0.6735,2.502E+017
1038,0.6709,2.506E+017
1039,0.673,2.509E+017
1040,0.6705,2.513E+017
1041,0.67,2.516E+017
1042,0.6691,2.52E+017
1043,0.6643,2.523E+017
1044,0.6653,2.527E+017
1045,0.6611,2.53E+017
1046,0.6485,2.534E+017
1047,0.6545,2.537E+017
1048,0.6598,2.541E+017
1049,0.657,2.544E+017
1050,0.6535,2.547E+017
1051,0.6525,2.551E+017
1052,0.6493,2.554E+017
1053,0.647,2.558E+017
1054,0.6455,2.561E+017
1055,0.6465,2.565E+017
1056,0.645,2.568E+017
1057,0.6424,2.571E+017
1058,0.6345,2.575E+017
1059,0.6215,2.578E+017
1060,0.63,2.582E+017
1061,0.6224,2.585E+017
1062,0.6283,2.588E+017
1063,0.6234,2.592E+017
1064,0.6285,2.595E+017
1065,0.6259,2.598E+017
1066,0.617,2.602E+017
1067,0.6184,2.605E+017
1068,0.614,2.608E+017
1069,0.5914,2.611E+017
1070,0.6023,2.615E+017
1071,0.6134,2.618E+017
1072,0.6126,2.621E+017
1073,0.6058,2.624E+017
1074,0.6141,2.628E+017
1075,0.5974,2.631E+017
1076,0.609,2.634E+017
1077,0.6041,2.638E+017
1078,0.6023,2.641E+017
1079,0.602,2.644E+017
1080,0.5948,2.647E+017
1081,0.5823,2.651E+017
1082,0.5879,2.654E+017
1083,0.5926,2.657E+017
1084,0.5813,2.66E+017
1085,0.5853,2.663E+017
1086,0.5594,2.666E+017
1087,0.5668,2.669E+017
1088,0.5861,2.673E+017
1089,0.5766,2.676E+017
1090,0.5611,2.679E+017
1091,0.582,2.682E+017
1092,0.572,2.685E+017
1093,0.5215,2.688E+017
1094,0.532,2.691E+017
1095,0.5193,2.694E+017
1096,0.5135,2.697E+017
1097,0.5583,2.7E+017
1098,0.5119,2.703E+017
1099,0.5028,2.705E+017
1100,0.4883,2.708E+017
1101,0.491,2.711E+017
1102,0.4711,2.713E+017
1103,0.4655,2.716E+017
1104,0.4708,2.719E+017
1105,0.4866,2.721E+017
1106,0.4211,2.724E+017
1107,0.4629,2.726E+017
1108,0.4223,2.729E+017
1109,0.4205,2.731E+017
1110,0.4514,2.734E+017
1111,0.3595,2.736E+017
1112,0.3839,2.738E+017
1113,0.2899,2.739E+017
1114,0.2889,2.741E+017
1115,0.2493,2.742E+017
1116,0.1918,2.743E+017
1117,0.1118,2.744E+017
1118,0.1868,2.745E+017
1119,0.1296,2.746E+017
1120,0.1438,2.747E+017
1121,0.1667,2.748E+017
1122,0.1002,2.748E+017
1123,0.1197,2.749E+017
1124,0.115,2.749E+017
1125,0.1279,2.75E+017
1126,0.07618,2.751E+017
1127,0.1365,2.751E+017
1128,0.1071,2.752E+017
1129,0.1007,2.753E+017
1130,0.1029,2.753E+017
1131,0.2592,2.755E+017
1132,0.2308,2.756E+017
1133,0.1491,2.757E+017
1134,0.05225,2.757E+017
1135,0.03275,2.757E+017
1136,0.1338,2.758E+017
1137,0.2566,2.76E+017
1138,0.2254,2.761E+017
1139,0.2808,2.762E+017
1140,0.2526,2.764E+017
1141,0.2046,2.765E+017
1142,0.231,2.766E+017
1143,0.2754,2.768E+017
1144,0.1419,2.769E+017
1145,0.1433,2.77E+017
1146,0.1434,2.77E+017
1147,0.09763,2.771E+017
1148,0.2371,2.772E+017
1149,0.2124,2.774E+017
1150,0.1434,2.774E+017
1151,0.1983,2.776E+017
1152,0.2403,2.777E+017
1153,0.2264,2.778E+017
1154,0.1751,2.779E+017
1155,0.2868,2.781E+017
1156,0.2883,2.783E+017
1157,0.3094,2.784E+017
1158,0.3145,2.786E+017
1159,0.3266,2.788E+017
1160,0.2999,2.79E+017
1161,0.3396,2.792E+017
1162,0.3635,2.794E+017
1163,0.444,2.797E+017
1164,0.4076,2.799E+017
1165,0.3879,2.801E+017
1166,0.3801,2.803E+017
1167,0.4058,2.806E+017
1168,0.4174,2.808E+017
1169,0.4259,2.811E+017
1170,0.4514,2.813E+017
1171,0.4491,2.816E+017
1172,0.4533,2.819E+017
1173,0.44,2.821E+017
1174,0.3653,2.824E+017
1175,0.4396,2.826E+017
1176,0.4715,2.829E+017
1177,0.4575,2.832E+017
1178,0.3884,2.834E+017
1179,0.4613,2.837E+017
1180,0.4463,2.839E+017
1181,0.4356,2.842E+017
1182,0.3529,2.844E+017
1183,0.4204,2.847E+017
1184,0.4196,2.849E+017
1185,0.4164,2.852E+017
1186,0.4645,2.854E+017
1187,0.4418,2.857E+017
1188,0.3591,2.859E+017
1189,0.4106,2.862E+017
1190,0.4533,2.864E+017
1191,0.4504,2.867E+017
1192,0.4663,2.87E+017
1193,0.4573,2.872E+017
1194,0.4634,2.875E+017
1195,0.4468,2.878E+017
1196,0.4378,2.881E+017
1197,0.4649,2.883E+017
1198,0.4298,2.886E+017
1199,0.383,2.888E+017
1200,0.4353,2.891E+017
1201,0.4374,2.894E+017
1202,0.4356,2.896E+017
1203,0.4244,2.899E+017
1204,0.3794,2.901E+017
1205,0.4321,2.904E+017
1206,0.4681,2.907E+017
1207,0.4358,2.909E+017
1208,0.4293,2.912E+017
1209,0.4203,2.914E+017
1210,0.4433,2.917E+017
1211,0.4253,2.92E+017
1212,0.4291,2.922E+017
1213,0.4581,2.925E+017
1214,0.4366,2.928E+017
1215,0.4325,2.93E+017
1216,0.4589,2.933E+017
1217,0.4559,2.936E+017
1218,0.4559,2.939E+017
1219,0.4481,2.941E+017
1220,0.4564,2.944E+017
1221,0.4614,2.947E+017
1222,0.4509,2.95E+017
1223,0.4444,2.953E+017
1224,0.4483,2.955E+017
1225,0.46,2.958E+017
1226,0.4619,2.961E+017
1227,0.4405,2.964E+017
1228,0.461,2.967E+017
1229,0.465,2.97E+017
1230,0.4614,2.972E+017
1231,0.4688,2.975E+017
1232,0.4643,2.978E+017
1233,0.4565,2.981E+017
1234,0.4664,2.984E+017
1235,0.4651,2.987E+017
1236,0.4668,2.99E+017
1237,0.4634,2.993E+017
1238,0.4656,2.995E+017
1239,0.4615,2.998E+017
1240,0.4595,3.001E+017
1241,0.4608,3.004E+017
1242,0.4604,3.007E+017
1243,0.4564,3.01E+017
1244,0.4544,3.013E+017
1245,0.4553,3.015E+017
1246,0.4574,3.018E+017
1247,0.4564,3.021E+017
1248,0.457,3.024E+017
1249,0.4576,3.027E+017
1250,0.4556,3.03E+017
1251,0.4515,3.033E+017
1252,0.4496,3.036E+017
1253,0.446,3.038E+017
1254,0.4434,3.041E+017
1255,0.4469,3.044E+017
1256,0.4396,3.047E+017
1257,0.4359,3.049E+017
1258,0.4405,3.052E+017
1259,0.4288,3.055E+017
1260,0.427,3.058E+017
1261,0.4106,3.06E+017
1262,0.3974,3.063E+017
1263,0.3949,3.065E+017
1264,0.3768,3.068E+017
1265,0.3905,3.07E+017
1266,0.3858,3.073E+017
1267,0.3844,3.075E+017
1268,0.3559,3.077E+017
1269,0.2789,3.079E+017
1270,0.3711,3.082E+017
1271,0.4045,3.084E+017
1272,0.4075,3.087E+017
1273,0.4054,3.089E+017
1274,0.4058,3.092E+017
1275,0.4109,3.095E+017
1276,0.4158,3.097E+017
1277,0.4195,3.1E+017
1278,0.4248,3.103E+017
1279,0.4231,3.105E+017
1280,0.4201,3.108E+017
1281,0.4081,3.111E+017
1282,0.3813,3.113E+017
1283,0.4035,3.116E+017
1284,0.4186,3.118E+017
1285,0.423,3.121E+017
1286,0.425,3.124E+017
1287,0.4214,3.127E+017
1288,0.4179,3.129E+017
1289,0.4099,3.132E+017
1290,0.4121,3.135E+017
1291,0.4136,3.137E+017
1292,0.3998,3.14E+017
1293,0.408,3.143E+017
1294,0.4041,3.145E+017
1295,0.4019,3.148E+017
1296,0.3878,3.15E+017
1297,0.3749,3.153E+017
1298,0.3904,3.155E+017
1299,0.3981,3.158E+017
1300,0.36,3.16E+017
1301,0.3636,3.163E+017
1302,0.3815,3.165E+017
1303,0.3451,3.168E+017
1304,0.316,3.17E+017
1305,0.3726,3.172E+017
1306,0.3733,3.175E+017
1307,0.3199,3.177E+017
1308,0.3455,3.179E+017
1309,0.368,3.181E+017
1310,0.3145,3.183E+017
1311,0.3288,3.186E+017
1312,0.3298,3.188E+017
1313,0.3123,3.19E+017
1314,0.2908,3.192E+017
1315,0.2901,3.194E+017
1316,0.3168,3.196E+017
1317,0.3151,3.198E+017
1318,0.3214,3.2E+017
1319,0.2748,3.202E+017
1320,0.2643,3.204E+017
1321,0.2934,3.205E+017
1322,0.292,3.207E+017
1323,0.2444,3.209E+017
1324,0.2656,3.211E+017
1325,0.3085,3.213E+017
1326,0.2834,3.215E+017
1327,0.2638,3.217E+017
1328,0.2309,3.218E+017
1329,0.1906,3.219E+017
1330,0.2119,3.221E+017
1331,0.1548,3.222E+017
1332,0.1521,3.223E+017
1333,0.1915,3.224E+017
1334,0.181,3.225E+017
1335,0.2173,3.227E+017
1336,0.1866,3.228E+017
1337,0.1681,3.229E+017
1338,0.176,3.23E+017
1339,0.1753,3.232E+017
1340,0.1693,3.233E+017
1341,0.1708,3.234E+017
1342,0.1706,3.235E+017
1343,0.1269,3.236E+017
1344,0.08605,3.236E+017
1345,0.09843,3.237E+017
1346,0.06461,3.238E+017
1347,0.05276,3.238E+017
1348,0.01303,3.238E+017
1349,0.01466,3.238E+017
1350,0.01459,3.238E+017
1351,0.005638,3.238E+017
1352,0.001713,3.238E+017
1353,0.0003,3.238E+017
1354,0.0002375,3.238E+017
1355,0.0000375,3.238E+017
1356,0.0000125,3.238E+017
1357,0.000075,3.238E+017
1358,0.0000125,3.238E+017
1359,0,3.238E+017
1360,0,3.238E+017
1361,0,3.238E+017
1362,0,3.238E+017
1363,0,3.238E+017
1364,0,3.238E+017
1365,0,3.238E+017
1366,0,3.238E+017
1367,0,3.238E+017
1368,0,3.238E+017
1369,0,3.238E+017
1370,0,3.238E+017
1371,0,3.238E+017
1372,0,3.238E+017
1373,0.000025,3.238E+017
1374,0.0001875,3.238E+017
1375,0.0002875,3.238E+017
1376,0.000275,3.238E+017
1377,0.00025,3.238E+017
1378,0.00085,3.238E+017
1379,0.000225,3.238E+017
1380,0.0000875,3.238E+017
1381,0.0000125,3.238E+017
1382,0,3.238E+017
1383,0,3.238E+017
1384,0,3.238E+017
1385,0,3.238E+017
1386,0.000025,3.238E+017
1387,0.00015,3.238E+017
1388,0.0001,3.238E+017
1389,0.0005125,3.238E+017
1390,0.0004875,3.238E+017
1391,0.0002875,3.238E+017
1392,0.00005,3.238E+017
1393,0.0000875,3.238E+017
1394,0.0000875,3.238E+017
1395,0.0000125,3.238E+017
1396,0,3.238E+017
1397,0.0001625,3.238E+017
1398,0.001075,3.238E+017
1399,0.0007625,3.238E+017
1400,0.0001,3.238E+017
1401,0.000225,3.238E+017
1402,0.00165,3.238E+017
1403,0.002113,3.238E+017
1404,0.000825,3.238E+017
1405,0.0003375,3.238E+017
1406,0.001525,3.238E+017
1407,0.0006,3.238E+017
1408,0.0013,3.238E+017
1409,0.0007125,3.238E+017
1410,0.0007125,3.238E+017
1411,0.001963,3.238E+017
1412,0.005125,3.238E+017
1413,0.01785,3.239E+017
1414,0.003238,3.239E+017
1415,0.004638,3.239E+017
1416,0.02811,3.239E+017
1417,0.0149,3.239E+017
1418,0.01185,3.239E+017
1419,0.004288,3.239E+017
1420,0.00755,3.239E+017
1421,0.01363,3.239E+017
1422,0.03694,3.239E+017
1423,0.01479,3.24E+017
1424,0.01705,3.24E+017
1425,0.02493,3.24E+017
1426,0.03018,3.24E+017
1427,0.04108,3.24E+017
1428,0.01429,3.24E+017
1429,0.03666,3.241E+017
1430,0.05704,3.241E+017
1431,0.04549,3.241E+017
1432,0.01259,3.242E+017
1433,0.0297,3.242E+017
1434,0.02281,3.242E+017
1435,0.02344,3.242E+017
1436,0.03505,3.242E+017
1437,0.02878,3.243E+017
1438,0.01999,3.243E+017
1439,0.04476,3.243E+017
1440,0.03995,3.243E+017
1441,0.03324,3.244E+017
1442,0.03673,3.244E+017
1443,0.0459,3.244E+017
1444,0.05801,3.245E+017
1445,0.04778,3.245E+017
1446,0.02796,3.245E+017
1447,0.04433,3.245E+017
1448,0.1035,3.246E+017
1449,0.09429,3.247E+017
1450,0.03463,3.247E+017
1451,0.01959,3.247E+017
1452,0.05826,3.248E+017
1453,0.08618,3.248E+017
1454,0.1212,3.249E+017
1455,0.07766,3.25E+017
1456,0.0891,3.25E+017
1457,0.1158,3.251E+017
1458,0.137,3.252E+017
1459,0.1499,3.253E+017
1460,0.09553,3.254E+017
1461,0.0944,3.255E+017
1462,0.1141,3.256E+017
1463,0.06745,3.256E+017
1464,0.1303,3.257E+017
1465,0.09683,3.258E+017
1466,0.06488,3.258E+017
1467,0.04464,3.259E+017
1468,0.07384,3.259E+017
1469,0.08673,3.26E+017
1470,0.05118,3.26E+017
1471,0.02536,3.26E+017
1472,0.04593,3.261E+017
1473,0.07046,3.261E+017
1474,0.1046,3.262E+017
1475,0.1587,3.263E+017
1476,0.08314,3.264E+017
1477,0.06861,3.264E+017
1478,0.07116,3.265E+017
1479,0.1055,3.266E+017
1480,0.07475,3.266E+017
1481,0.1011,3.267E+017
1482,0.0766,3.267E+017
1483,0.1354,3.268E+017
1484,0.1369,3.27E+017
1485,0.1263,3.27E+017
1486,0.1154,3.271E+017
1487,0.07249,3.272E+017
1488,0.1016,3.273E+017
1489,0.1752,3.274E+017
1490,0.1788,3.275E+017
1491,0.19,3.277E+017
1492,0.1703,3.278E+017
1493,0.1816,3.279E+017
1494,0.1976,3.281E+017
1495,0.1829,3.282E+017
1496,0.1773,3.284E+017
1497,0.2156,3.285E+017
1498,0.1974,3.287E+017
1499,0.2176,3.288E+017
1500,0.2478,3.29E+017
1501,0.2591,3.292E+017
1502,0.2309,3.294E+017
1503,0.1871,3.295E+017
1504,0.166,3.297E+017
1505,0.1901,3.298E+017
1506,0.2475,3.3E+017
1507,0.2529,3.302E+017
1508,0.2365,3.304E+017
1509,0.2035,3.305E+017
1510,0.2588,3.307E+017
1511,0.2643,3.309E+017
1512,0.2583,3.311E+017
1513,0.2421,3.313E+017
1514,0.2321,3.315E+017
1515,0.2589,3.317E+017
1516,0.2563,3.319E+017
1517,0.2501,3.32E+017
1518,0.2499,3.322E+017
1519,0.2474,3.324E+017
1520,0.2628,3.326E+017
1521,0.2714,3.328E+017
1522,0.2664,3.33E+017
1523,0.2765,3.333E+017
1524,0.2734,3.335E+017
1525,0.2613,3.337E+017
1526,0.2651,3.339E+017
1527,0.264,3.341E+017
1528,0.2759,3.343E+017
1529,0.2708,3.345E+017
1530,0.2589,3.347E+017
1531,0.2684,3.349E+017
1532,0.2766,3.351E+017
1533,0.2753,3.353E+017
1534,0.2688,3.355E+017
1535,0.2673,3.357E+017
1536,0.2729,3.359E+017
1537,0.2729,3.362E+017
1538,0.2714,3.364E+017
1539,0.2709,3.366E+017
1540,0.2655,3.368E+017
1541,0.2676,3.37E+017
1542,0.2691,3.372E+017
1543,0.2708,3.374E+017
1544,0.2716,3.376E+017
1545,0.2751,3.378E+017
1546,0.274,3.38E+017
1547,0.2715,3.383E+017
1548,0.2676,3.385E+017
1549,0.2716,3.387E+017
1550,0.2696,3.389E+017
1551,0.27,3.391E+017
1552,0.2709,3.393E+017
1553,0.2701,3.395E+017
1554,0.2653,3.397E+017
1555,0.266,3.399E+017
1556,0.2636,3.401E+017
1557,0.2688,3.404E+017
1558,0.2681,3.406E+017
1559,0.2669,3.408E+017
1560,0.2658,3.41E+017
1561,0.2683,3.412E+017
1562,0.2671,3.414E+017
1563,0.2656,3.416E+017
1564,0.2631,3.418E+017
1565,0.2658,3.42E+017
1566,0.2626,3.422E+017
1567,0.2614,3.424E+017
1568,0.2573,3.426E+017
1569,0.2528,3.428E+017
1570,0.2418,3.43E+017
1571,0.2353,3.432E+017
1572,0.2361,3.434E+017
1573,0.2345,3.436E+017
1574,0.2398,3.438E+017
1575,0.2401,3.44E+017
1576,0.2413,3.442E+017
1577,0.2214,3.443E+017
1578,0.2326,3.445E+017
1579,0.2369,3.447E+017
1580,0.2435,3.449E+017
1581,0.2466,3.451E+017
1582,0.2426,3.453E+017
1583,0.2464,3.455E+017
1584,0.2491,3.457E+017
1585,0.2564,3.459E+017
1586,0.255,3.461E+017
1587,0.2521,3.463E+017
1588,0.248,3.465E+017
1589,0.2354,3.467E+017
1590,0.2399,3.469E+017
1591,0.2424,3.471E+017
1592,0.2514,3.473E+017
1593,0.257,3.475E+017
1594,0.2565,3.477E+017
1595,0.256,3.479E+017
1596,0.246,3.481E+017
1597,0.2468,3.483E+017
1598,0.2514,3.485E+017
1599,0.2421,3.487E+017
1600,0.2358,3.489E+017
1601,0.2249,3.491E+017
1602,0.2238,3.492E+017
1603,0.2238,3.494E+017
1604,0.2284,3.496E+017
1605,0.2356,3.498E+017
1606,0.2393,3.5E+017
1607,0.2328,3.502E+017
1608,0.2291,3.504E+017
1609,0.226,3.505E+017
1610,0.2194,3.507E+017
1611,0.2254,3.509E+017
1612,0.2304,3.511E+017
1613,0.2363,3.513E+017
1614,0.2381,3.515E+017
1615,0.2385,3.517E+017
1616,0.2318,3.519E+017
1617,0.2346,3.52E+017
1618,0.2415,3.522E+017
1619,0.2396,3.524E+017
1620,0.2348,3.526E+017
1621,0.2344,3.528E+017
1622,0.2373,3.53E+017
1623,0.2414,3.532E+017
1624,0.2414,3.534E+017
1625,0.2379,3.536E+017
1626,0.2389,3.538E+017
1627,0.24,3.54E+017
1628,0.2409,3.542E+017
1629,0.2404,3.544E+017
1630,0.2368,3.546E+017
1631,0.237,3.548E+017
1632,0.2371,3.55E+017
1633,0.2328,3.552E+017
1634,0.2321,3.554E+017
1635,0.2331,3.555E+017
1636,0.2336,3.557E+017
1637,0.2263,3.559E+017
1638,0.22,3.561E+017
1639,0.2193,3.563E+017
1640,0.2161,3.565E+017
1641,0.2186,3.566E+017
1642,0.2193,3.568E+017
1643,0.2166,3.57E+017
1644,0.2214,3.572E+017
1645,0.2185,3.574E+017
1646,0.2184,3.575E+017
1647,0.2244,3.577E+017
1648,0.2176,3.579E+017
1649,0.2186,3.581E+017
1650,0.222,3.583E+017
1651,0.212,3.585E+017
1652,0.221,3.586E+017
1653,0.2213,3.588E+017
1654,0.2168,3.59E+017
1655,0.2209,3.592E+017
1656,0.2205,3.594E+017
1657,0.222,3.596E+017
1658,0.2234,3.597E+017
1659,0.2216,3.599E+017
1660,0.2228,3.601E+017
1661,0.2224,3.603E+017
1662,0.2191,3.605E+017
1663,0.2213,3.607E+017
1664,0.2191,3.609E+017
1665,0.208,3.61E+017
1666,0.1861,3.612E+017
1667,0.2065,3.614E+017
1668,0.2136,3.615E+017
1669,0.2156,3.617E+017
1670,0.2199,3.619E+017
1671,0.2175,3.621E+017
1672,0.2125,3.623E+017
1673,0.2153,3.624E+017
1674,0.2149,3.626E+017
1675,0.213,3.628E+017
1676,0.2114,3.63E+017
1677,0.2115,3.632E+017
1678,0.2098,3.633E+017
1679,0.2108,3.635E+017
1680,0.2045,3.637E+017
1681,0.1965,3.639E+017
1682,0.2026,3.64E+017
1683,0.2068,3.642E+017
1684,0.2005,3.644E+017
1685,0.2106,3.645E+017
1686,0.2096,3.647E+017
1687,0.2055,3.649E+017
1688,0.2089,3.651E+017
1689,0.2071,3.653E+017
1690,0.2038,3.654E+017
1691,0.1963,3.656E+017
1692,0.2058,3.658E+017
1693,0.2096,3.659E+017
1694,0.2055,3.661E+017
1695,0.2084,3.663E+017
1696,0.2055,3.665E+017
1697,0.1878,3.666E+017
1698,0.2035,3.668E+017
1699,0.2045,3.67E+017
1700,0.2,3.672E+017
1701,0.201,3.673E+017
1702,0.2025,3.675E+017
1703,0.201,3.677E+017
1704,0.199,3.678E+017
1705,0.197,3.68E+017
1706,0.195,3.682E+017
1707,0.193,3.683E+017
1708,0.191,3.685E+017
1709,0.189,3.687E+017
1710,0.1873,3.688E+017
1711,0.1874,3.69E+017
1712,0.1878,3.692E+017
1713,0.1882,3.693E+017
1714,0.1886,3.695E+017
1715,0.1889,3.696E+017
1716,0.1884,3.698E+017
1717,0.1878,3.7E+017
1718,0.1872,3.701E+017
1719,0.1866,3.703E+017
1720,0.1859,3.705E+017
1721,0.1844,3.706E+017
1722,0.1828,3.708E+017
1723,0.1812,3.709E+017
1724,0.1796,3.711E+017
1725,0.1781,3.712E+017
1726,0.1772,3.714E+017
1727,0.1764,3.715E+017
1728,0.1756,3.717E+017
1729,0.1748,3.719E+017
1730,0.1738,3.72E+017
1731,0.1714,3.722E+017
1732,0.1688,3.723E+017
1733,0.1662,3.724E+017
1734,0.1636,3.726E+017
1735,0.1615,3.727E+017
1736,0.1624,3.729E+017
1737,0.1638,3.73E+017
1738,0.1652,3.732E+017
1739,0.1666,3.733E+017
1740,0.1675,3.734E+017
1741,0.1652,3.736E+017
1742,0.1624,3.737E+017
1743,0.1596,3.739E+017
1744,0.1568,3.74E+017
1745,0.1546,3.741E+017
1746,0.1562,3.743E+017
1747,0.1584,3.744E+017
1748,0.1606,3.746E+017
1749,0.1628,3.747E+017
1750,0.1644,3.749E+017
1751,0.1626,3.75E+017
1752,0.1602,3.751E+017
1753,0.1578,3.753E+017
1754,0.1554,3.754E+017
1755,0.1535,3.756E+017
1756,0.1544,3.757E+017
1757,0.1558,3.758E+017
1758,0.1572,3.76E+017
1759,0.1586,3.761E+017
1760,0.1592,3.762E+017
1761,0.1546,3.764E+017
1762,0.1492,3.765E+017
1763,0.1438,3.766E+017
1764,0.1384,3.768E+017
1765,0.1339,3.769E+017
1766,0.1346,3.77E+017
1767,0.1362,3.771E+017
1768,0.1378,3.772E+017
1769,0.1394,3.774E+017
1770,0.1402,3.775E+017
1771,0.1358,3.776E+017
1772,0.1306,3.777E+017
1773,0.1254,3.778E+017
1774,0.1202,3.78E+017
1775,0.1153,3.781E+017
1776,0.112,3.782E+017
1777,0.109,3.783E+017
1778,0.106,3.783E+017
1779,0.103,3.784E+017
1780,0.0998,3.785E+017
1781,0.09536,3.786E+017
1782,0.09072,3.787E+017
1783,0.08608,3.788E+017
1784,0.08144,3.788E+017
1785,0.07768,3.789E+017
1786,0.07916,3.79E+017
1787,0.08152,3.791E+017
1788,0.08388,3.791E+017
1789,0.08624,3.792E+017
1790,0.08726,3.793E+017
1791,0.08024,3.794E+017
1792,0.07188,3.794E+017
1793,0.06352,3.795E+017
1794,0.05516,3.795E+017
1795,0.04747,3.796E+017
1796,0.04378,3.796E+017
1797,0.04076,3.797E+017
1798,0.03774,3.797E+017
1799,0.03472,3.797E+017
1800,0.03166,3.798E+017
1801,0.02832,3.798E+017
1802,0.02494,3.798E+017
1803,0.02156,3.798E+017
1804,0.01818,3.798E+017
1805,0.0151,3.798E+017
1806,0.01378,3.799E+017
1807,0.01276,3.799E+017
1808,0.01174,3.799E+017
1809,0.01072,3.799E+017
1810,0.009668,3.799E+017
1811,0.00842,3.799E+017
1812,0.00714,3.799E+017
1813,0.00586,3.799E+017
1814,0.00458,3.799E+017
1815,0.003403,3.799E+017
1816,0.00284,3.799E+017
1817,0.00238,3.799E+017
1818,0.00192,3.799E+017
1819,0.00146,3.799E+017
1820,0.001065,3.799E+017
1821,0.00106,3.799E+017
1822,0.00112,3.799E+017
1823,0.00118,3.799E+017
1824,0.00124,3.799E+017
1825,0.00126,3.799E+017
1826,0.00104,3.799E+017
1827,0.00078,3.799E+017
1828,0.00052,3.799E+017
1829,0.00026,3.799E+017
1830,0.0000325,3.799E+017
1831,0,3.799E+017
1832,0,3.799E+017
1833,0,3.799E+017
1834,0,3.799E+017
1835,0,3.799E+017
1836,0,3.799E+017
1837,0,3.799E+017
1838,0,3.799E+017
1839,0,3.799E+017
1840,0,3.799E+017
1841,0,3.799E+017
1842,0,3.799E+017
1843,0,3.799E+017
1844,0,3.799E+017
1845,0,3.799E+017
1846,0,3.799E+017
1847,0,3.799E+017
1848,0,3.799E+017
1849,0,3.799E+017
1850,0,3.799E+017
1851,0,3.799E+017
1852,0,3.799E+017
1853,0,3.799E+017
1854,0,3.799E+017
1855,0,3.799E+017
1856,0,3.799E+017
1857,0,3.799E+017
1858,0,3.799E+017
1859,0,3.799E+017
1860,0,3.799E+017
1861,0,3.799E+017
1862,0,3.799E+017
1863,0,3.799E+017
1864,0,3.799E+017
1865,0,3.799E+017
1866,0,3.799E+017
1867,0,3.799E+017
1868,0,3.799E+017
1869,0,3.799E+017
1870,0,3.799E+017
1871,0,3.799E+017
1872,0,3.799E+017
1873,0,3.799E+017
1874,0,3.799E+017
1875,0.0000025,3.799E+017
1876,0.00002,3.799E+017
1877,0.00004,3.799E+017
1878,0.00006,3.799E+017
1879,0.00008,3.799E+017
1880,0.000095,3.799E+017
1881,0.00008,3.799E+017
1882,0.00006,3.799E+017
1883,0.00004,3.799E+017
1884,0.00002,3.799E+017
1885,0.0000075,3.799E+017
1886,0.00004,3.799E+017
1887,0.00008,3.799E+017
1888,0.00012,3.799E+017
1889,0.00016,3.799E+017
1890,0.0001925,3.799E+017
1891,0.00018,3.799E+017
1892,0.00016,3.799E+017
1893,0.00014,3.799E+017
1894,0.00012,3.799E+017
1895,0.0001,3.799E+017
1896,0.00008,3.799E+017
1897,0.00006,3.799E+017
1898,0.00004,3.799E+017
1899,0.00002,3.799E+017
1900,0.0000025,3.799E+017
1901,0,3.799E+017
1902,0,3.799E+017
1903,0,3.799E+017
1904,0,3.799E+017
1905,0,3.799E+017
1906,0,3.799E+017
1907,0,3.799E+017
1908,0,3.799E+017
1909,0,3.799E+017
1910,0,3.799E+017
1911,0,3.799E+017
1912,0,3.799E+017
1913,0,3.799E+017
1914,0,3.799E+017
1915,0.00001,3.799E+017
1916,0.00008,3.799E+017
1917,0.00016,3.799E+017
1918,0.00024,3.799E+017
1919,0.00032,3.799E+017
1920,0.0004025,3.799E+017
1921,0.0005,3.799E+017
1922,0.0006,3.799E+017
1923,0.0007,3.799E+017
1924,0.0008,3.8E+017
1925,0.00088,3.8E+017
1926,0.00084,3.8E+017
1927,0.00078,3.8E+017
1928,0.00072,3.8E+017
1929,0.00066,3.8E+017
1930,0.0006825,3.8E+017
1931,0.0012,3.8E+017
1932,0.0018,3.8E+017
1933,0.0024,3.8E+017
1934,0.003,3.8E+017
1935,0.003518,3.8E+017
1936,0.00354,3.8E+017
1937,0.00348,3.8E+017
1938,0.00342,3.8E+017
1939,0.00336,3.8E+017
1940,0.003495,3.8E+017
1941,0.0048,3.8E+017
1942,0.0063,3.8E+017
1943,0.0078,3.8E+017
1944,0.0093,3.8E+017
1945,0.01076,3.8E+017
1946,0.01198,3.8E+017
1947,0.01316,3.8E+017
1948,0.01434,3.801E+017
1949,0.01552,3.801E+017
1950,0.01639,3.801E+017
1951,0.01536,3.801E+017
1952,0.01402,3.801E+017
1953,0.01268,3.801E+017
1954,0.01134,3.801E+017
1955,0.01046,3.802E+017
1956,0.01236,3.802E+017
1957,0.01472,3.802E+017
1958,0.01708,3.802E+017
1959,0.01944,3.802E+017
1960,0.02167,3.802E+017
1961,0.02314,3.803E+017
1962,0.02448,3.803E+017
1963,0.02582,3.803E+017
1964,0.02716,3.803E+017
1965,0.02884,3.804E+017
1966,0.03254,3.804E+017
1967,0.03658,3.804E+017
1968,0.04062,3.805E+017
1969,0.04466,3.805E+017
1970,0.04867,3.806E+017
1971,0.0525,3.806E+017
1972,0.0563,3.807E+017
1973,0.0601,3.807E+017
1974,0.0639,3.808E+017
1975,0.06742,3.809E+017
1976,0.06922,3.809E+017
1977,0.07074,3.81E+017
1978,0.07226,3.811E+017
1979,0.07378,3.811E+017
1980,0.0753,3.812E+017
1981,0.0768,3.813E+017
1982,0.0783,3.814E+017
1983,0.0798,3.815E+017
1984,0.0813,3.815E+017
1985,0.08268,3.816E+017
1986,0.08332,3.817E+017
1987,0.08384,3.818E+017
1988,0.08436,3.819E+017
1989,0.08488,3.82E+017
1990,0.08523,3.82E+017
1991,0.08452,3.821E+017
1992,0.08364,3.822E+017
1993,0.08276,3.823E+017
1994,0.08188,3.824E+017
1995,0.08004,3.825E+017
1996,0.0724,3.825E+017
1997,0.0638,3.826E+017
1998,0.0552,3.827E+017
1999,0.0466,3.827E+017
2000,0.0385,3.827E+017
